mission,phase,start_s,end_s,path,lower_margin_db,proof
Q3-001,爬升,510.0,529.3808813476562,direct,42.863457080491415,worst_obstruction
Q3-001,爬升,529.3808813476562,548.7617626953125,direct,34.22675064092645,worst_obstruction
Q3-001,爬升,548.7617626953125,568.1426440429688,direct,29.982830377148545,worst_obstruction
Q3-001,巡航,568.1426440429688,586.6516067694747,direct,22.27041520292451,worst_obstruction
Q3-001,巡航,586.6516067694747,605.1605694959808,direct,16.839707174321767,worst_obstruction
Q3-001,巡航,605.1605694959808,623.5953563127749,direct,13.447855316713873,worst_obstruction
Q3-001,巡航,623.5953563127749,623.6695322224867,direct,13.436514250136028,worst_obstruction
Q3-001,巡航,623.6695322224867,642.1784949489927,direct,10.980029119407043,worst_obstruction
Q3-001,巡航,642.1784949489927,660.6874576754988,direct,9.061555122286183,worst_obstruction
Q3-001,巡航,660.6874576754988,679.1964204020047,direct,7.488688632646632,worst_obstruction
Q3-001,巡航,679.1964204020047,691.9805605295597,direct,6.547085533335359,worst_obstruction
Q3-001,巡航,691.9805605295597,697.7053831285108,direct,6.156265985425264,worst_obstruction
Q3-001,巡航,697.7053831285108,716.2143458550167,direct,5.0006492959910815,worst_obstruction
Q3-001,巡航,716.2143458550167,734.7233085815227,direct,3.9805055664415203,worst_obstruction
Q3-001,巡航,734.7233085815227,753.2322713080288,direct,3.0674393973553062,worst_obstruction
Q3-001,巡航,753.2322713080288,771.7412340345347,direct,2.2411310032927325,worst_obstruction
Q3-001,下降,771.7412340345347,786.5840023857717,direct,2.2411435914505375,worst_obstruction
Q3-001,下降,786.5840023857717,801.4267707370087,direct,2.2441947535446936,worst_obstruction
Q3-001,下降,801.4267707370087,816.2695390882457,direct,2.246427689592224,worst_obstruction
Q3-001,交接,816.2695390882457,835.9059027246093,direct,2.247841136068846,worst_obstruction
Q3-001,交接,835.9059027246093,855.5422663609729,direct,2.247841136068846,worst_obstruction
Q3-001,交接,855.5422663609729,875.1786299973365,direct,2.247841136068846,worst_obstruction
Q3-001,交接,875.1786299973365,894.8149936337002,direct,2.247841136068846,worst_obstruction
Q3-001,交接,894.8149936337002,914.4513572700639,direct,2.247841136068846,worst_obstruction
Q3-001,交接,914.4513572700639,934.0877209064274,direct,2.247841136068846,worst_obstruction
Q3-001,交接,934.0877209064274,953.7240845427912,direct,2.247841136068846,worst_obstruction
Q3-001,交接,953.7240845427912,973.3604481791548,direct,2.247841136068846,worst_obstruction
Q3-001,交接,973.3604481791548,992.9968118155184,direct,2.247841136068846,worst_obstruction
Q3-001,交接,992.9968118155184,1012.633175451882,direct,2.247841136068846,worst_obstruction
Q3-001,交接,1012.633175451882,1032.2695390882457,direct,2.247841136068846,worst_obstruction
Q3-001,交接,1032.2695390882457,1051.9059027246094,direct,2.247841136068846,worst_obstruction
Q3-001,交接,1051.9059027246094,1071.542266360973,direct,2.247841136068846,worst_obstruction
Q3-001,交接,1071.542266360973,1091.1786299973367,direct,2.247841136068846,worst_obstruction
Q3-001,交接,1091.1786299973367,1110.8149936337002,direct,2.247841136068846,worst_obstruction
Q3-001,交接,1110.8149936337002,1130.451357270064,direct,2.247841136068846,worst_obstruction
Q3-001,交接,1130.451357270064,1150.0877209064274,direct,2.247841136068846,worst_obstruction
Q3-001,交接,1150.0877209064274,1169.7240845427912,direct,2.247841136068846,worst_obstruction
Q3-001,交接,1169.7240845427912,1189.3604481791547,direct,2.247841136068846,worst_obstruction
Q3-001,交接,1189.3604481791547,1208.9968118155184,direct,2.247841136068846,worst_obstruction
Q3-001,交接,1208.9968118155184,1228.633175451882,direct,2.247841136068846,worst_obstruction
Q3-001,交接,1228.633175451882,1248.2695390882457,direct,2.247841136068846,worst_obstruction
Q3-001,爬升,1248.2695390882457,1266.08086110973,direct,2.245413589620833,worst_obstruction
Q3-001,爬升,1266.08086110973,1283.8921831312143,direct,2.2411435914505375,worst_obstruction
Q3-001,巡航,1283.8921831312143,1302.4011458577204,direct,2.2411310032927325,worst_obstruction
Q3-001,巡航,1302.4011458577204,1320.9101085842262,direct,3.0674393973553062,worst_obstruction
Q3-001,巡航,1320.9101085842262,1339.4190713107323,direct,3.9805055664415203,worst_obstruction
Q3-001,巡航,1339.4190713107323,1357.9280340372384,direct,5.0006492959910815,worst_obstruction
Q3-001,巡航,1357.9280340372384,1376.4369967637444,direct,6.156257313706995,worst_obstruction
Q3-001,巡航,1376.4369967637444,1394.9459594902503,direct,7.488688632646632,worst_obstruction
Q3-001,巡航,1394.9459594902503,1413.4549222167564,direct,9.061555122286183,worst_obstruction
Q3-001,巡航,1413.4549222167564,1431.9638849432624,direct,10.980029119407043,worst_obstruction
Q3-001,巡航,1431.9638849432624,1450.4728476697683,direct,13.436501973528959,worst_obstruction
Q3-001,巡航,1450.4728476697683,1468.9818103962743,direct,16.839707174321767,worst_obstruction
Q3-001,巡航,1468.9818103962743,1487.4907731227804,direct,22.27041520292451,worst_obstruction
Q3-001,下降,1487.4907731227804,1505.660349386208,direct,29.982830377148545,worst_obstruction
Q3-001,下降,1505.660349386208,1523.829925649636,direct,32.956271440191735,worst_obstruction
Q3-001,下降,1523.829925649636,1541.9995019130638,direct,37.51313930757455,worst_obstruction
Q3-001,下降,1541.9995019130638,1560.1690781764914,direct,45.92517525248826,worst_obstruction
Q3-002,爬升,540.0,559.3808813476562,direct,42.863457080491415,worst_obstruction
Q3-002,爬升,559.3808813476562,578.7617626953125,direct,34.22675064092645,worst_obstruction
Q3-002,爬升,578.7617626953125,598.1426440429688,direct,29.982830377148545,worst_obstruction
Q3-002,巡航,598.1426440429688,616.6516067694747,direct,22.27041520292451,worst_obstruction
Q3-002,巡航,616.6516067694747,623.5953563127749,direct,19.86452581139659,worst_obstruction
Q3-002,巡航,623.5953563127749,635.1605694959808,direct,16.83971167367336,worst_obstruction
Q3-002,巡航,635.1605694959808,653.6695322224867,direct,13.436501973528959,worst_obstruction
Q3-002,巡航,653.6695322224867,672.1784949489927,direct,10.980029119407043,worst_obstruction
Q3-002,巡航,672.1784949489927,690.6874576754988,direct,9.061555122286183,worst_obstruction
Q3-002,巡航,690.6874576754988,691.9805605295597,direct,8.9420037157063,worst_obstruction
Q3-002,巡航,691.9805605295597,709.1964204020047,direct,7.488689508424393,worst_obstruction
Q3-002,巡航,709.1964204020047,727.7053831285108,direct,6.156257313706995,worst_obstruction
Q3-002,巡航,727.7053831285108,746.2143458550167,direct,5.0006492959910815,worst_obstruction
Q3-002,巡航,746.2143458550167,764.7233085815227,direct,3.9805055664415203,worst_obstruction
Q3-002,巡航,764.7233085815227,783.2322713080288,direct,3.0674393973553062,worst_obstruction
Q3-002,巡航,783.2322713080288,801.7412340345347,direct,2.2411310032927325,worst_obstruction
Q3-002,下降,801.7412340345347,816.5840023857717,direct,2.2411435914505375,worst_obstruction
Q3-002,下降,816.5840023857717,831.4267707370087,direct,2.2441947535446936,worst_obstruction
Q3-002,下降,831.4267707370087,846.2695390882457,direct,2.246427689592224,worst_obstruction
Q3-002,交接,846.2695390882457,865.7695390882457,direct,2.247841136068846,worst_obstruction
Q3-002,交接,865.7695390882457,885.2695390882457,direct,2.247841136068846,worst_obstruction
Q3-002,交接,885.2695390882457,904.7695390882457,direct,2.247841136068846,worst_obstruction
Q3-002,交接,904.7695390882457,924.2695390882457,direct,2.247841136068846,worst_obstruction
Q3-002,交接,924.2695390882457,943.7695390882457,direct,2.247841136068846,worst_obstruction
Q3-002,交接,943.7695390882457,963.2695390882457,direct,2.247841136068846,worst_obstruction
Q3-002,交接,963.2695390882457,982.7695390882457,direct,2.247841136068846,worst_obstruction
Q3-002,交接,982.7695390882457,1002.2695390882457,direct,2.247841136068846,worst_obstruction
Q3-002,交接,1002.2695390882457,1021.7695390882457,direct,2.247841136068846,worst_obstruction
Q3-002,交接,1021.7695390882457,1041.2695390882457,direct,2.247841136068846,worst_obstruction
Q3-002,交接,1041.2695390882457,1060.7695390882457,direct,2.247841136068846,worst_obstruction
Q3-002,交接,1060.7695390882457,1080.2695390882457,direct,2.247841136068846,worst_obstruction
Q3-002,交接,1080.2695390882457,1099.7695390882457,direct,2.247841136068846,worst_obstruction
Q3-002,交接,1099.7695390882457,1119.2695390882457,direct,2.247841136068846,worst_obstruction
Q3-002,交接,1119.2695390882457,1138.7695390882457,direct,2.247841136068846,worst_obstruction
Q3-002,交接,1138.7695390882457,1158.2695390882457,direct,2.247841136068846,worst_obstruction
Q3-002,交接,1158.2695390882457,1177.7695390882457,direct,2.247841136068846,worst_obstruction
Q3-002,交接,1177.7695390882457,1197.2695390882457,direct,2.247841136068846,worst_obstruction
Q3-002,交接,1197.2695390882457,1216.7695390882457,direct,2.247841136068846,worst_obstruction
Q3-002,交接,1216.7695390882457,1236.2695390882457,direct,2.247841136068846,worst_obstruction
Q3-002,交接,1236.2695390882457,1255.7695390882457,direct,2.247841136068846,worst_obstruction
Q3-002,交接,1255.7695390882457,1275.2695390882457,direct,2.247841136068846,worst_obstruction
Q3-002,交接,1275.2695390882457,1294.7695390882457,direct,2.247841136068846,worst_obstruction
Q3-002,交接,1294.7695390882457,1314.2695390882457,direct,2.247841136068846,worst_obstruction
Q3-002,爬升,1314.2695390882457,1332.08086110973,direct,2.245413589620833,worst_obstruction
Q3-002,爬升,1332.08086110973,1349.8921831312143,direct,2.2411435914505375,worst_obstruction
Q3-002,巡航,1349.8921831312143,1368.4011458577204,direct,2.2411310032927325,worst_obstruction
Q3-002,巡航,1368.4011458577204,1386.9101085842262,direct,3.0674393973553062,worst_obstruction
Q3-002,巡航,1386.9101085842262,1405.4190713107323,direct,3.9805055664415203,worst_obstruction
Q3-002,巡航,1405.4190713107323,1423.9280340372384,direct,5.0006492959910815,worst_obstruction
Q3-002,巡航,1423.9280340372384,1442.4369967637444,direct,6.156257313706995,worst_obstruction
Q3-002,巡航,1442.4369967637444,1460.9459594902503,direct,7.488688632646632,worst_obstruction
Q3-002,巡航,1460.9459594902503,1479.4549222167564,direct,9.061555122286183,worst_obstruction
Q3-002,巡航,1479.4549222167564,1497.9638849432624,direct,10.980029119407043,worst_obstruction
Q3-002,巡航,1497.9638849432624,1516.4728476697683,direct,13.436501973528959,worst_obstruction
Q3-002,巡航,1516.4728476697683,1534.9818103962743,direct,16.839707174321767,worst_obstruction
Q3-002,巡航,1534.9818103962743,1553.4907731227804,direct,22.27041520292451,worst_obstruction
Q3-002,下降,1553.4907731227804,1571.660349386208,direct,29.982830377148545,worst_obstruction
Q3-002,下降,1571.660349386208,1589.829925649636,direct,32.956271440191735,worst_obstruction
Q3-002,下降,1589.829925649636,1607.9995019130638,direct,37.51313930757455,worst_obstruction
Q3-002,下降,1607.9995019130638,1626.1690781764914,direct,45.92517525248826,worst_obstruction
Q3-003,爬升,360.0,379.8664866129557,direct,39.99198992735829,worst_obstruction
Q3-003,爬升,379.8664866129557,399.73297322591145,direct,32.01563631553782,worst_obstruction
Q3-003,爬升,399.73297322591145,419.5994598388672,direct,27.928853840040645,worst_obstruction
Q3-003,爬升,419.5994598388672,439.4659464518229,direct,25.16080841557533,worst_obstruction
Q3-003,巡航,439.4659464518229,458.43147135903627,direct,21.967856103815357,worst_obstruction
Q3-003,巡航,458.43147135903627,477.3969962662496,direct,17.882440247617964,worst_obstruction
Q3-003,巡航,477.3969962662496,496.36252117346294,direct,14.83736776285765,worst_obstruction
Q3-003,巡航,496.36252117346294,515.3280460806762,direct,12.518639863070284,worst_obstruction
Q3-003,巡航,515.3280460806762,534.2935709878897,direct,10.666370760065927,worst_obstruction
Q3-003,巡航,534.2935709878897,553.259095895103,direct,9.130146287700825,worst_obstruction
Q3-003,巡航,553.259095895103,572.2246208023164,direct,7.82004280332022,worst_obstruction
Q3-003,巡航,572.2246208023164,591.1901457095297,direct,6.679019470164832,worst_obstruction
Q3-003,巡航,591.1901457095297,610.155670616743,direct,5.6689156385717645,worst_obstruction
Q3-003,巡航,610.155670616743,623.5953563127749,direct,5.017470753388055,worst_obstruction
Q3-003,巡航,623.5953563127749,629.1211955239564,direct,4.763049688037064,worst_obstruction
Q3-003,巡航,629.1211955239564,648.0867204311697,direct,3.9420773194080176,worst_obstruction
Q3-003,巡航,648.0867204311697,667.052245338383,direct,3.1915467985065114,worst_obstruction
Q3-003,巡航,667.052245338383,686.0177702455965,direct,2.500387147389308,worst_obstruction
Q3-003,巡航,686.0177702455965,691.9805605295597,direct,2.293919196212128,worst_obstruction
Q3-003,巡航,691.9805605295597,704.9832951528098,direct,1.859935157436956,worst_obstruction
Q3-003,下降,704.9832951528098,715.2428630239035,direct,1.8599351574532097,worst_obstruction
Q3-003,下降,715.2428630239035,725.5024308949972,direct,1.8644276862153841,worst_obstruction
Q3-003,交接,725.5024308949972,745.5024308949972,direct,1.8683635097689297,worst_obstruction
Q3-003,交接,745.5024308949972,765.5024308949972,direct,1.8683635097689297,worst_obstruction
Q3-003,交接,765.5024308949972,785.5024308949972,direct,1.8683635097689297,worst_obstruction
Q3-003,交接,785.5024308949972,805.5024308949972,direct,1.8683635097689297,worst_obstruction
Q3-003,交接,805.5024308949972,825.5024308949972,direct,1.8683635097689297,worst_obstruction
Q3-003,交接,825.5024308949972,845.5024308949972,direct,1.8683635097689297,worst_obstruction
Q3-003,交接,845.5024308949972,865.5024308949972,direct,1.8683635097689297,worst_obstruction
Q3-003,交接,865.5024308949972,885.5024308949972,direct,1.8683635097689297,worst_obstruction
Q3-003,交接,885.5024308949972,905.5024308949972,direct,1.8683635097689297,worst_obstruction
Q3-003,爬升,905.5024308949972,924.9599048533306,direct,1.8585982839042465,worst_obstruction
Q3-003,爬升,924.9599048533306,944.417378811664,direct,1.845961669005165,worst_obstruction
Q3-003,爬升,944.417378811664,963.8748527699972,direct,1.83047871880715,worst_obstruction
Q3-003,爬升,963.8748527699972,983.3323267283306,direct,1.8121798991375222,worst_obstruction
Q3-003,爬升,983.3323267283306,1002.789800686664,direct,1.7911008909243762,worst_obstruction
Q3-003,巡航,1002.789800686664,1022.689770339007,direct,1.7905050104692926,worst_obstruction
Q3-003,巡航,1022.689770339007,1042.5897399913501,direct,2.450823311972105,worst_obstruction
Q3-003,巡航,1042.5897399913501,1062.489709643693,direct,3.163794316468289,worst_obstruction
Q3-003,巡航,1062.489709643693,1082.389679296036,direct,3.9381748444686977,worst_obstruction
Q3-003,巡航,1082.389679296036,1102.2896489483792,direct,4.784965152612946,worst_obstruction
Q3-003,巡航,1102.2896489483792,1122.1896186007223,direct,5.718163911690718,worst_obstruction
Q3-003,巡航,1122.1896186007223,1142.0895882530654,direct,6.755794659886227,worst_obstruction
Q3-003,巡航,1142.0895882530654,1161.9895579054084,direct,7.921223707809446,worst_obstruction
Q3-003,巡航,1161.9895579054084,1181.8895275577515,direct,9.244531380437685,worst_obstruction
Q3-003,巡航,1181.8895275577515,1201.7894972100944,direct,10.762592539197925,worst_obstruction
Q3-003,巡航,1201.7894972100944,1221.6894668624375,direct,12.512061481868813,worst_obstruction
Q3-003,巡航,1221.6894668624375,1241.5894365147806,direct,14.49199535405209,worst_obstruction
Q3-003,巡航,1241.5894365147806,1261.4894061671237,direct,16.51660390558782,worst_obstruction
Q3-003,巡航,1261.4894061671237,1281.3893758194667,direct,17.576022396467966,worst_obstruction
Q3-003,巡航,1281.3893758194667,1301.2893454718096,direct,15.836794482006866,worst_obstruction
Q3-003,巡航,1301.2893454718096,1321.1893151241527,direct,13.770222911838097,worst_obstruction
Q3-003,巡航,1321.1893151241527,1341.0892847764958,direct,11.860647438294915,worst_obstruction
Q3-003,巡航,1341.0892847764958,1360.9892544288389,direct,10.19456096651183,worst_obstruction
Q3-003,巡航,1360.9892544288389,1380.889224081182,direct,8.749379948161554,worst_obstruction
Q3-003,巡航,1380.889224081182,1400.789193733525,direct,7.485810942739828,worst_obstruction
Q3-003,巡航,1400.789193733525,1420.6891633858681,direct,6.368864446742997,worst_obstruction
Q3-003,巡航,1420.6891633858681,1440.589133038211,direct,5.370831453959015,worst_obstruction
Q3-003,巡航,1440.589133038211,1460.489102690554,direct,4.47034097342102,worst_obstruction
Q3-003,巡航,1460.489102690554,1480.3890723428972,direct,3.65090263551164,worst_obstruction
Q3-003,巡航,1480.3890723428972,1500.2890419952403,direct,2.899668641582,worst_obstruction
Q3-003,巡航,1500.2890419952403,1520.1890116475834,direct,2.206501964337887,worst_obstruction
Q3-003,巡航,1520.1890116475834,1540.0889812999262,direct,1.5632983826114906,worst_obstruction
Q3-003,巡航,1540.0889812999262,1559.9889509522693,direct,0.9634958498539916,worst_obstruction
Q3-003,巡航,1559.9889509522693,1579.8889206046124,direct,0.40171737325260537,worst_obstruction
Q3-003,巡航,1579.8889206046124,1599.7888902569555,R-002,3.1157166964976284,worst_obstruction
Q3-003,巡航,1599.7888902569555,1619.6888599092986,R-002,3.1157166964976284,worst_obstruction
Q3-003,巡航,1619.6888599092986,1639.5888295616414,R-002,3.1157166964976284,worst_obstruction
Q3-003,巡航,1639.5888295616414,1659.4887992139847,R-002,3.1157166964976284,worst_obstruction
Q3-003,巡航,1659.4887992139847,1679.3887688663276,R-002,3.1157166964976284,worst_obstruction
Q3-003,巡航,1679.3887688663276,1699.2887385186707,R-002,3.1157166964976284,worst_obstruction
Q3-003,巡航,1699.2887385186707,1719.1887081710138,R-002,3.1157166964976284,worst_obstruction
Q3-003,下降,1719.1887081710138,1736.2328487960137,R-002,3.1157166964976284,worst_obstruction
Q3-003,下降,1736.2328487960137,1753.2769894210137,R-002,3.1157166964976284,worst_obstruction
Q3-003,下降,1753.2769894210137,1770.3211300460139,R-002,3.1157166964976284,worst_obstruction
Q3-003,下降,1770.3211300460139,1787.3652706710138,R-002,3.1157166964976284,worst_obstruction
Q3-003,下降,1787.3652706710138,1804.4094112960138,R-002,3.1157166964976284,worst_obstruction
Q3-003,下降,1804.4094112960138,1821.4535519210137,R-002,3.1157166964976284,worst_obstruction
Q3-003,交接,1821.4535519210137,1841.4535519210137,R-002,3.1157166964976284,worst_obstruction
Q3-003,交接,1841.4535519210137,1861.4535519210137,R-002,3.1157166964976284,worst_obstruction
Q3-003,交接,1861.4535519210137,1881.4535519210137,R-002,3.1157166964976284,worst_obstruction
Q3-003,交接,1881.4535519210137,1901.4535519210137,R-002,3.1157166964976284,worst_obstruction
Q3-003,交接,1901.4535519210137,1921.4535519210137,R-002,3.1157166964976284,worst_obstruction
Q3-003,交接,1921.4535519210137,1941.4535519210137,R-002,3.1157166964976284,worst_obstruction
Q3-003,交接,1941.4535519210137,1961.4535519210137,R-002,3.1157166964976284,worst_obstruction
Q3-003,交接,1961.4535519210137,1981.4535519210137,R-002,3.1157166964976284,worst_obstruction
Q3-003,交接,1981.4535519210137,2001.4535519210137,R-002,3.1157166964976284,worst_obstruction
Q3-003,爬升,2001.4535519210137,2017.5167111007013,R-002,3.1157166964976284,worst_obstruction
Q3-003,爬升,2017.5167111007013,2033.5798702803888,R-002,3.1157166964976284,worst_obstruction
Q3-003,爬升,2033.5798702803888,2049.6430294600764,R-002,3.1157166964976284,worst_obstruction
Q3-003,爬升,2049.6430294600764,2065.706188639764,R-002,3.1157166964976284,worst_obstruction
Q3-003,爬升,2065.706188639764,2081.7693478194515,R-002,3.1157166964976284,worst_obstruction
Q3-003,巡航,2081.7693478194515,2101.405586545757,R-002,3.1157166964976284,worst_obstruction
Q3-003,巡航,2101.405586545757,2121.0418252720633,R-002,3.1157166964976284,worst_obstruction
Q3-003,巡航,2121.0418252720633,2140.678063998369,R-002,3.1157166964976284,worst_obstruction
Q3-003,巡航,2140.678063998369,2160.3143027246747,R-002,3.1157166964976284,worst_obstruction
Q3-003,巡航,2160.3143027246747,2179.950541450981,R-002,3.1157166964976284,worst_obstruction
Q3-003,巡航,2179.950541450981,2199.5867801772865,R-002,3.1157166964976284,worst_obstruction
Q3-003,巡航,2199.5867801772865,2219.223018903592,R-002,3.1157166964976284,worst_obstruction
Q3-003,巡航,2219.223018903592,2229.6777204957098,direct,0.3587311778641613,worst_obstruction
Q3-003,巡航,2229.6777204957098,2238.859257629898,direct,0.6485222306507623,worst_obstruction
Q3-003,巡航,2238.859257629898,2258.495496356204,direct,0.9111236263500437,worst_obstruction
Q3-003,巡航,2258.495496356204,2278.1317350825097,direct,1.500410718518177,worst_obstruction
Q3-003,巡航,2278.1317350825097,2297.7679738088154,direct,2.1317676594272363,worst_obstruction
Q3-003,巡航,2297.7679738088154,2317.4042125351216,direct,2.811510542322054,worst_obstruction
Q3-003,巡航,2317.4042125351216,2337.0404512614273,direct,3.547445469178154,worst_obstruction
Q3-003,巡航,2337.0404512614273,2356.676689987733,direct,4.34935448576849,worst_obstruction
Q3-003,巡航,2356.676689987733,2376.312928714039,direct,5.22968151459907,worst_obstruction
Q3-003,巡航,2376.312928714039,2395.949167440345,direct,6.204510416503403,worst_obstruction
Q3-003,巡航,2395.949167440345,2415.5854061666505,direct,7.294958580812022,worst_obstruction
Q3-003,巡航,2415.5854061666505,2435.2216448929566,direct,8.529102955808579,worst_obstruction
Q3-003,巡航,2435.2216448929566,2454.8578836192623,direct,9.944320377397169,worst_obstruction
Q3-003,巡航,2454.8578836192623,2474.494122345568,direct,11.588602344458511,worst_obstruction
Q3-003,巡航,2474.494122345568,2494.1303610718737,direct,13.513077724928255,worst_obstruction
Q3-003,巡航,2494.1303610718737,2513.76659979818,direct,15.719014685092848,worst_obstruction
Q3-003,巡航,2513.76659979818,2533.4028385244856,direct,17.916660469563762,worst_obstruction
Q3-003,下降,2533.4028385244856,2551.972734032298,direct,18.99327751164469,worst_obstruction
Q3-003,下降,2551.972734032298,2570.5426295401107,direct,19.95198506895976,worst_obstruction
Q3-003,下降,2570.5426295401107,2589.112525047923,direct,21.029791679401242,worst_obstruction
Q3-003,下降,2589.112525047923,2607.6824205557355,direct,22.260542446450827,worst_obstruction
Q3-003,下降,2607.6824205557355,2626.2523160635483,direct,23.69493697939955,worst_obstruction
Q3-003,下降,2626.2523160635483,2644.8222115713606,direct,25.413991542482663,worst_obstruction
Q3-003,下降,2644.8222115713606,2663.392107079173,direct,27.559379771700435,worst_obstruction
Q3-003,下降,2663.392107079173,2681.9620025869854,direct,30.414843731611214,worst_obstruction
Q3-003,下降,2681.9620025869854,2700.531898094798,direct,34.697246336774846,worst_obstruction
Q3-003,下降,2700.531898094798,2719.1017936026105,direct,43.5055611129805,worst_obstruction
Q3-004,爬升,4608.260447881712,4626.296392299029,direct,43.95581004493453,worst_obstruction
Q3-004,爬升,4626.296392299029,4644.3323367163475,direct,35.02154228444689,worst_obstruction
Q3-004,爬升,4644.3323367163475,4662.368281133666,direct,30.711480714857338,worst_obstruction
Q3-004,爬升,4662.368281133666,4680.404225550983,direct,27.843884320576407,worst_obstruction
Q3-004,爬升,4680.404225550983,4698.4401699683,direct,25.691681627493537,worst_obstruction
Q3-004,爬升,4698.4401699683,4716.4761143856185,direct,23.968262608738186,worst_obstruction
Q3-004,巡航,4716.4761143856185,4736.2573873328965,direct,20.161422329131028,worst_obstruction
Q3-004,巡航,4736.2573873328965,4756.038660280175,direct,15.7659475188963,worst_obstruction
Q3-004,巡航,4756.038660280175,4775.819933227453,direct,12.625365781901223,worst_obstruction
Q3-004,巡航,4775.819933227453,4795.60120617473,direct,10.268346355663894,worst_obstruction
Q3-004,巡航,4795.60120617473,4815.382479122008,direct,8.397358195193451,worst_obstruction
Q3-004,巡航,4815.382479122008,4835.163752069286,direct,6.850683996019196,worst_obstruction
Q3-004,巡航,4835.163752069286,4854.945025016564,direct,5.534180961849865,worst_obstruction
Q3-004,巡航,4854.945025016564,4874.726297963842,direct,4.388963777882319,worst_obstruction
Q3-004,巡航,4874.726297963842,4894.50757091112,direct,3.3759662776411616,worst_obstruction
Q3-004,巡航,4894.50757091112,4914.288843858397,direct,2.4680214027648173,worst_obstruction
Q3-004,巡航,4914.288843858397,4934.070116805675,direct,1.6455060761030023,worst_obstruction
Q3-004,巡航,4934.070116805675,4953.851389752953,direct,0.8937993767115788,worst_obstruction
Q3-004,巡航,4953.851389752953,4973.632662700231,direct,0.2017228952042558,worst_obstruction
Q3-004,巡航,4973.632662700231,4993.413935647509,direct,9.560542580065372,swept_triangle_clear
Q3-004,巡航,4993.413935647509,5013.195208594787,direct,8.963306693953523,swept_triangle_clear
Q3-004,巡航,5013.195208594787,5032.976481542065,direct,8.404393056477224,swept_triangle_clear
Q3-004,巡航,5032.976481542065,5052.757754489342,direct,7.879191113000401,swept_triangle_clear
Q3-004,巡航,5052.757754489342,5072.53902743662,direct,7.383873468834086,swept_triangle_clear
Q3-004,巡航,5072.53902743662,5092.320300383898,R-003,5.578762403883271,swept_triangle_clear
Q3-004,巡航,5092.320300383898,5112.101573331176,R-003,5.658599221902289,swept_triangle_clear
Q3-004,巡航,5112.101573331176,5131.882846278454,R-003,5.630315467442525,swept_triangle_clear
Q3-004,巡航,5131.882846278454,5151.664119225732,R-003,5.532124146921284,swept_triangle_clear
Q3-004,巡航,5151.664119225732,5171.445392173009,R-003,5.368623177730122,swept_triangle_clear
Q3-004,巡航,5171.445392173009,5191.226665120287,R-003,5.146956939584513,swept_triangle_clear
Q3-004,巡航,5191.226665120287,5211.007938067565,R-003,4.875865097383025,swept_triangle_clear
Q3-004,巡航,5211.007938067565,5230.789211014843,R-003,4.564701946508716,swept_triangle_clear
Q3-004,下降,5230.789211014843,5247.78312764082,R-003,4.617997289763386,swept_triangle_clear
Q3-004,下降,5247.78312764082,5264.777044266796,R-003,4.61423707843675,swept_triangle_clear
Q3-004,下降,5264.777044266796,5281.7709608927735,R-003,4.609742394330151,swept_triangle_clear
Q3-004,下降,5281.7709608927735,5298.76487751875,R-003,4.604515518925343,swept_triangle_clear
Q3-004,下降,5298.76487751875,5315.758794144726,R-003,4.598559098438159,swept_triangle_clear
Q3-004,交接,5315.758794144726,5335.558794144727,R-003,4.598559098438159,swept_triangle_clear
Q3-004,交接,5335.558794144727,5355.358794144727,R-003,4.598559098438159,swept_triangle_clear
Q3-004,交接,5355.358794144727,5375.158794144726,R-003,4.598559098438159,swept_triangle_clear
Q3-004,交接,5375.158794144726,5394.958794144726,R-003,4.598559098438159,swept_triangle_clear
Q3-004,交接,5394.958794144726,5414.758794144726,R-003,4.598559098438159,swept_triangle_clear
Q3-004,交接,5414.758794144726,5434.558794144727,R-003,4.598559098438159,swept_triangle_clear
Q3-004,交接,5434.558794144727,5454.358794144727,R-003,4.598559098438159,swept_triangle_clear
Q3-004,交接,5454.358794144727,5474.158794144726,R-003,4.598559098438159,swept_triangle_clear
Q3-004,交接,5474.158794144726,5493.958794144726,R-003,4.598559098438159,swept_triangle_clear
Q3-004,交接,5493.958794144726,5513.758794144726,R-003,4.598559098438159,swept_triangle_clear
Q3-004,交接,5513.758794144726,5533.558794144727,R-003,4.598559098438159,swept_triangle_clear
Q3-004,交接,5533.558794144727,5553.358794144727,R-003,4.598559098438159,swept_triangle_clear
Q3-004,交接,5553.358794144727,5573.158794144726,R-003,4.598559098438159,swept_triangle_clear
Q3-004,交接,5573.158794144726,5592.958794144726,R-003,4.598559098438159,swept_triangle_clear
Q3-004,交接,5592.958794144726,5612.758794144726,R-003,4.598559098438159,swept_triangle_clear
Q3-004,交接,5612.758794144726,5632.558794144727,R-003,4.598559098438159,swept_triangle_clear
Q3-004,交接,5632.558794144727,5652.358794144727,R-003,4.598559098438159,swept_triangle_clear
Q3-004,交接,5652.358794144727,5672.158794144726,R-003,4.598559098438159,swept_triangle_clear
Q3-004,交接,5672.158794144726,5691.958794144726,R-003,4.598559098438159,swept_triangle_clear
Q3-004,交接,5691.958794144726,5711.758794144726,R-003,4.598559098438159,swept_triangle_clear
Q3-004,爬升,5711.758794144726,5728.752710770703,R-003,4.598559098438159,swept_triangle_clear
Q3-004,爬升,5728.752710770703,5745.746627396679,R-003,4.605890742189425,swept_triangle_clear
Q3-004,爬升,5745.746627396679,5762.740544022656,R-003,4.612081411484768,swept_triangle_clear
Q3-004,爬升,5762.740544022656,5779.734460648632,R-003,4.6171262046983195,swept_triangle_clear
Q3-004,巡航,5779.734460648632,5799.51573359591,R-003,4.564701946508716,swept_triangle_clear
Q3-004,巡航,5799.51573359591,5819.297006543188,R-003,4.875865097383025,swept_triangle_clear
Q3-004,巡航,5819.297006543188,5839.078279490466,R-003,5.146956939584513,swept_triangle_clear
Q3-004,巡航,5839.078279490466,5858.859552437743,R-003,5.368623177730122,swept_triangle_clear
Q3-004,巡航,5858.859552437743,5878.640825385021,R-003,5.532124146921284,swept_triangle_clear
Q3-004,巡航,5878.640825385021,5898.422098332299,R-003,5.630315467442525,swept_triangle_clear
Q3-004,巡航,5898.422098332299,5918.203371279577,R-003,5.658599221902289,swept_triangle_clear
Q3-004,巡航,5918.203371279577,5929.0262598995705,R-003,5.638615318746581,swept_triangle_clear
Q3-004,巡航,5929.0262598995705,5937.984644226855,direct,7.168506670620163,swept_triangle_clear
Q3-004,巡航,5937.984644226855,5957.765917174133,direct,7.383873468834086,swept_triangle_clear
Q3-004,巡航,5957.765917174133,5977.5471901214105,direct,7.879191113000401,swept_triangle_clear
Q3-004,巡航,5977.5471901214105,5997.3284630686885,direct,8.404393056477224,swept_triangle_clear
Q3-004,巡航,5997.3284630686885,6017.1097360159665,direct,8.963306693953523,swept_triangle_clear
Q3-004,巡航,6017.1097360159665,6036.8910089632445,direct,9.560542580065372,swept_triangle_clear
Q3-004,巡航,6036.8910089632445,6056.6722819105225,direct,0.2017228952042558,worst_obstruction
Q3-004,巡航,6056.6722819105225,6076.453554857801,direct,0.8937993767115788,worst_obstruction
Q3-004,巡航,6076.453554857801,6096.234827805079,direct,1.6455060761030023,worst_obstruction
Q3-004,巡航,6096.234827805079,6116.016100752356,direct,2.4680214027648173,worst_obstruction
Q3-004,巡航,6116.016100752356,6135.797373699634,direct,3.3759662776411616,worst_obstruction
Q3-004,巡航,6135.797373699634,6155.578646646912,direct,4.388963777882319,worst_obstruction
Q3-004,巡航,6155.578646646912,6175.35991959419,direct,5.534180961849865,worst_obstruction
Q3-004,巡航,6175.35991959419,6195.141192541468,direct,6.850683996019196,worst_obstruction
Q3-004,巡航,6195.141192541468,6214.922465488746,direct,8.397358195193451,worst_obstruction
Q3-004,巡航,6214.922465488746,6234.703738436023,direct,10.268346355663894,worst_obstruction
Q3-004,巡航,6234.703738436023,6254.485011383301,direct,12.625365781901223,worst_obstruction
Q3-004,巡航,6254.485011383301,6274.266284330579,direct,15.7659475188963,worst_obstruction
Q3-004,巡航,6274.266284330579,6294.047557277857,direct,20.161422329131028,worst_obstruction
Q3-004,下降,6294.047557277857,6313.371783439268,direct,23.968262608738186,worst_obstruction
Q3-004,下降,6313.371783439268,6332.696009600681,direct,25.423536680378163,worst_obstruction
Q3-004,下降,6332.696009600681,6352.020235762092,direct,27.172698272771513,worst_obstruction
Q3-004,下降,6352.020235762092,6371.344461923504,direct,29.3652734706031,worst_obstruction
Q3-004,下降,6371.344461923504,6390.668688084916,direct,32.3052959057059,worst_obstruction
Q3-004,下降,6390.668688084916,6409.992914246328,direct,36.783151952118374,worst_obstruction
Q3-004,下降,6409.992914246328,6429.317140407739,direct,45.92517525248826,worst_obstruction
Q3-005,爬升,390.0,408.09878824869793,direct,41.2408133797113,worst_obstruction
Q3-005,爬升,408.09878824869793,426.19757649739586,direct,32.99781352057414,worst_obstruction
Q3-005,爬升,426.19757649739586,444.29636474609373,direct,28.845793500078116,worst_obstruction
Q3-005,爬升,444.29636474609373,462.39515299479166,direct,26.048277452212474,worst_obstruction
Q3-005,爬升,462.39515299479166,480.4939412434896,direct,23.935643142447674,worst_obstruction
Q3-005,巡航,480.4939412434896,499.7369667352072,direct,21.279835474483043,worst_obstruction
Q3-005,巡航,499.7369667352072,518.9799922269249,direct,17.527926336957414,worst_obstruction
Q3-005,巡航,518.9799922269249,538.2230177186425,direct,14.59620220557347,worst_obstruction
Q3-005,巡航,538.2230177186425,557.4660432103601,direct,12.324500746930902,worst_obstruction
Q3-005,巡航,557.4660432103601,576.7090687020777,direct,10.49557501226457,worst_obstruction
Q3-005,巡航,576.7090687020777,595.9520941937953,direct,8.97249317152728,worst_obstruction
Q3-005,巡航,595.9520941937953,615.1951196855131,direct,7.670484788994713,worst_obstruction
Q3-005,巡航,615.1951196855131,623.5953563127749,direct,7.1567697921366715,worst_obstruction
Q3-005,巡航,623.5953563127749,634.4381451772307,direct,6.534801772057477,worst_obstruction
Q3-005,巡航,634.4381451772307,653.6811706689483,direct,5.528379978936423,worst_obstruction
Q3-005,巡航,653.6811706689483,672.9241961606659,direct,4.625178591377363,worst_obstruction
Q3-005,巡航,672.9241961606659,691.9805605295597,direct,3.8137815137963695,worst_obstruction
Q3-005,巡航,691.9805605295597,692.1672216523835,direct,3.80621782776854,worst_obstruction
Q3-005,巡航,692.1672216523835,711.4102471441013,direct,3.057184899070048,worst_obstruction
Q3-005,巡航,711.4102471441013,730.6532726358189,direct,2.367218860799859,worst_obstruction
Q3-005,巡航,730.6532726358189,749.8962981275365,direct,1.7277213282639075,worst_obstruction
Q3-005,巡航,749.8962981275365,769.1393236192541,direct,1.1318498737669298,worst_obstruction
Q3-005,巡航,769.1393236192541,788.3823491109717,direct,0.5740588478065582,worst_obstruction
Q3-005,巡航,788.3823491109717,807.6253746026894,direct,0.049792561226809084,worst_obstruction
Q3-005,巡航,807.6253746026894,826.868400094407,R-002,3.1157166964976284,swept_triangle_clear
Q3-005,巡航,826.868400094407,846.1114255861246,R-002,3.1157166964976284,swept_triangle_clear
Q3-005,巡航,846.1114255861246,865.3544510778423,R-002,3.1157166964976284,swept_triangle_clear
Q3-005,巡航,865.3544510778423,884.5974765695598,R-002,3.1157166964976284,swept_triangle_clear
Q3-005,下降,884.59747656956,903.5902060617475,R-002,3.1157166964976284,swept_triangle_clear
Q3-005,交接,903.5902060617475,923.5902060617475,R-002,3.1157166964976284,swept_triangle_clear
Q3-005,交接,923.5902060617475,943.5902060617475,R-002,3.1157166964976284,swept_triangle_clear
Q3-005,交接,943.5902060617475,963.5902060617475,R-002,3.1157166964976284,swept_triangle_clear
Q3-005,交接,963.5902060617475,983.5902060617475,R-002,3.1157166964976284,swept_triangle_clear
Q3-005,交接,983.5902060617475,1003.5902060617475,R-002,3.1157166964976284,swept_triangle_clear
Q3-005,交接,1003.5902060617475,1023.5902060617475,R-002,3.1157166964976284,swept_triangle_clear
Q3-005,交接,1023.5902060617475,1043.5902060617475,R-002,3.1157166964976284,swept_triangle_clear
Q3-005,交接,1043.5902060617475,1063.5902060617475,R-002,3.1157166964976284,swept_triangle_clear
Q3-005,交接,1063.5902060617475,1083.5902060617475,R-002,3.1157166964976284,swept_triangle_clear
Q3-005,爬升,1083.5902060617475,1098.7202323068645,R-002,3.1157166964976284,swept_triangle_clear
Q3-005,爬升,1098.7202323068645,1113.8502585519818,R-002,3.1157166964976284,swept_triangle_clear
Q3-005,爬升,1113.8502585519818,1128.980284797099,R-002,3.1157166964976284,swept_triangle_clear
Q3-005,爬升,1128.980284797099,1144.1103110422162,R-002,3.1157166964976284,swept_triangle_clear
Q3-005,巡航,1144.1103110422162,1162.7257902283304,R-002,3.1157166964976284,swept_triangle_clear
Q3-005,巡航,1162.7257902283304,1181.3412694144445,R-002,0.2914408480220345,worst_obstruction
Q3-005,巡航,1181.3412694144445,1199.9567486005587,R-002,1.2715272192162352,worst_obstruction
Q3-005,巡航,1199.9567486005587,1218.572227786673,R-002,2.3294142980638455,worst_obstruction
Q3-005,巡航,1218.572227786673,1237.1877069727873,R-002,3.1157166964976284,worst_obstruction
Q3-005,巡航,1237.1877069727873,1255.8031861589013,R-002,3.1157166964976284,worst_obstruction
Q3-005,巡航,1255.8031861589013,1274.4186653450156,R-002,3.1157166964976284,worst_obstruction
Q3-005,巡航,1274.4186653450156,1293.0341445311299,R-002,3.1157166964976284,worst_obstruction
Q3-005,巡航,1293.0341445311299,1311.649623717244,R-002,3.1157166964976284,worst_obstruction
Q3-005,巡航,1311.649623717244,1330.2651029033582,R-002,3.1157166964976284,worst_obstruction
Q3-005,巡航,1330.2651029033582,1348.8805820894725,R-002,3.1157166964976284,worst_obstruction
Q3-005,巡航,1348.8805820894725,1367.4960612755867,R-002,3.1157166964976284,worst_obstruction
Q3-005,巡航,1367.4960612755867,1386.1115404617008,R-002,3.1157166964976284,worst_obstruction
Q3-005,巡航,1386.1115404617008,1404.727019647815,R-002,3.1157166964976284,worst_obstruction
Q3-005,下降,1404.727019647815,1422.9530511419557,R-002,3.1157166964976284,worst_obstruction
Q3-005,下降,1422.9530511419557,1441.1790826360962,R-002,3.1157166964976284,worst_obstruction
Q3-005,下降,1441.1790826360962,1459.4051141302368,R-002,3.1157166964976284,worst_obstruction
Q3-005,下降,1459.4051141302368,1477.6311456243775,R-002,3.1157166964976284,worst_obstruction
Q3-005,交接,1477.6311456243775,1496.7220547152865,R-002,3.1157166964976284,worst_obstruction
Q3-005,交接,1496.7220547152865,1515.8129638061957,R-002,3.1157166964976284,worst_obstruction
Q3-005,交接,1515.8129638061957,1534.9038728971047,R-002,3.1157166964976284,worst_obstruction
Q3-005,交接,1534.9038728971047,1553.9947819880138,R-002,3.1157166964976284,worst_obstruction
Q3-005,交接,1553.9947819880138,1573.085691078923,R-002,3.1157166964976284,worst_obstruction
Q3-005,交接,1573.085691078923,1592.176600169832,R-002,3.1157166964976284,worst_obstruction
Q3-005,交接,1592.176600169832,1611.267509260741,R-002,3.1157166964976284,worst_obstruction
Q3-005,交接,1611.267509260741,1630.3584183516502,R-002,3.1157166964976284,worst_obstruction
Q3-005,交接,1630.3584183516502,1649.4493274425593,R-002,3.1157166964976284,worst_obstruction
Q3-005,交接,1649.4493274425593,1668.5402365334685,R-002,3.1157166964976284,worst_obstruction
Q3-005,交接,1668.5402365334685,1687.6311456243775,R-002,3.1157166964976284,worst_obstruction
Q3-005,爬升,1687.6311456243775,1703.694304804065,R-002,3.1157166964976284,worst_obstruction
Q3-005,爬升,1703.694304804065,1719.7574639837526,R-002,3.1157166964976284,worst_obstruction
Q3-005,爬升,1719.7574639837526,1735.82062316344,R-002,3.1157166964976284,worst_obstruction
Q3-005,爬升,1735.82062316344,1751.8837823431275,R-002,3.1157166964976284,worst_obstruction
Q3-005,爬升,1751.8837823431275,1767.946941522815,R-002,3.1157166964976284,worst_obstruction
Q3-005,巡航,1767.946941522815,1787.583180249121,R-002,3.1157166964976284,worst_obstruction
Q3-005,巡航,1787.583180249121,1807.2194189754266,R-002,3.1157166964976284,worst_obstruction
Q3-005,巡航,1807.2194189754266,1826.8556577017325,R-002,3.1157166964976284,worst_obstruction
Q3-005,巡航,1826.8556577017325,1846.4918964280382,R-002,3.1157166964976284,worst_obstruction
Q3-005,巡航,1846.4918964280382,1866.1281351543441,R-002,3.1157166964976284,worst_obstruction
Q3-005,巡航,1866.1281351543441,1885.76437388065,R-002,3.1157166964976284,worst_obstruction
Q3-005,巡航,1885.76437388065,1905.4006126069557,R-002,3.1157166964976284,worst_obstruction
Q3-005,巡航,1905.4006126069557,1925.0368513332617,direct,0.35873117769924434,worst_obstruction
Q3-005,巡航,1925.0368513332617,1944.6730900595676,direct,0.9111236263500437,worst_obstruction
Q3-005,巡航,1944.6730900595676,1964.3093287858733,direct,1.500410718518177,worst_obstruction
Q3-005,巡航,1964.3093287858733,1983.9455675121792,direct,2.1317676594272363,worst_obstruction
Q3-005,巡航,1983.9455675121792,2003.581806238485,direct,2.811510542322054,worst_obstruction
Q3-005,巡航,2003.581806238485,2023.2180449647908,direct,3.547445469178154,worst_obstruction
Q3-005,巡航,2023.2180449647908,2042.8542836910965,direct,4.34935448576849,worst_obstruction
Q3-005,巡航,2042.8542836910965,2062.4905224174026,direct,5.22968151459907,worst_obstruction
Q3-005,巡航,2062.4905224174026,2082.1267611437083,direct,6.204510416503403,worst_obstruction
Q3-005,巡航,2082.1267611437083,2101.762999870014,direct,7.294958580812022,worst_obstruction
Q3-005,巡航,2101.762999870014,2121.39923859632,direct,8.529102955808579,worst_obstruction
Q3-005,巡航,2121.39923859632,2141.035477322626,direct,9.944320377397169,worst_obstruction
Q3-005,巡航,2141.035477322626,2160.6717160489316,direct,11.588602344458511,worst_obstruction
Q3-005,巡航,2160.6717160489316,2180.3079547752372,direct,13.513077724928255,worst_obstruction
Q3-005,巡航,2180.3079547752372,2199.9441935015434,direct,15.719014685092848,worst_obstruction
Q3-005,巡航,2199.9441935015434,2219.580432227849,direct,17.916660469563762,worst_obstruction
Q3-005,下降,2219.580432227849,2229.6777204957098,direct,18.99327751164469,worst_obstruction
Q3-005,下降,2229.6777204957098,2238.1503277356614,direct,19.501408324234266,worst_obstruction
Q3-005,下降,2238.1503277356614,2256.7202232434743,direct,19.95198506895976,worst_obstruction
Q3-005,下降,2256.7202232434743,2275.2901187512866,direct,21.029791679401242,worst_obstruction
Q3-005,下降,2275.2901187512866,2293.860014259099,direct,22.260542446450827,worst_obstruction
Q3-005,下降,2293.860014259099,2312.429909766912,direct,23.69493697939955,worst_obstruction
Q3-005,下降,2312.429909766912,2330.999805274724,direct,25.413991542482663,worst_obstruction
Q3-005,下降,2330.999805274724,2349.5697007825365,direct,27.559379771700435,worst_obstruction
Q3-005,下降,2349.5697007825365,2368.139596290349,direct,30.414843731611214,worst_obstruction
Q3-005,下降,2368.139596290349,2386.7094917981617,direct,34.697246336774846,worst_obstruction
Q3-005,下降,2386.7094917981617,2405.279387305974,direct,43.5055611129805,worst_obstruction
Q3-006,爬升,390.0,408.29872262137275,direct,41.09022041847284,worst_obstruction
Q3-006,爬升,408.29872262137275,426.59744524274555,direct,32.8809897894342,worst_obstruction
Q3-006,爬升,426.59744524274555,444.8961678641183,direct,28.73709466429279,worst_obstruction
Q3-006,爬升,444.8961678641183,463.1948904854911,direct,25.9432314966309,worst_obstruction
Q3-006,爬升,463.1948904854911,481.49361310686385,direct,23.832673396210204,worst_obstruction
Q3-006,爬升,481.49361310686385,499.7923357282366,direct,22.136014487477013,worst_obstruction
Q3-006,爬升,499.7923357282366,518.0910583496094,direct,20.717231343301737,worst_obstruction
Q3-006,巡航,518.0910583496094,536.9846442027647,direct,18.66153562487051,worst_obstruction
Q3-006,巡航,536.9846442027647,555.87823005592,direct,15.375217596242504,worst_obstruction
Q3-006,巡航,555.87823005592,574.7718159090751,direct,12.622935557946338,worst_obstruction
Q3-006,巡航,574.7718159090751,593.6654017622304,direct,10.429329645684053,worst_obstruction
Q3-006,巡航,593.6654017622304,612.5589876153857,direct,8.639997423677997,worst_obstruction
Q3-006,巡航,612.5589876153857,623.5953563127749,direct,7.734014604375474,worst_obstruction
Q3-006,巡航,623.5953563127749,631.452573468541,direct,7.139460927987368,worst_obstruction
Q3-006,巡航,631.452573468541,650.3461593216963,direct,5.851387820187943,worst_obstruction
Q3-006,巡航,650.3461593216963,669.2397451748516,direct,4.724904328612459,worst_obstruction
Q3-006,巡航,669.2397451748516,688.1333310280068,direct,3.7248806685053175,worst_obstruction
Q3-006,巡航,688.1333310280068,691.9805605295597,direct,3.5343819567804733,worst_obstruction
Q3-006,巡航,691.9805605295597,707.026916881162,direct,2.826291811580232,worst_obstruction
Q3-006,巡航,707.026916881162,725.9205027343173,direct,2.010729197825018,worst_obstruction
Q3-006,巡航,725.9205027343173,744.8140885874726,direct,1.264341719893288,worst_obstruction
Q3-006,巡航,744.8140885874726,763.7076744406279,direct,0.5764231583134993,worst_obstruction
Q3-006,巡航,763.7076744406279,782.6012602937831,R-001,8.371394962517758,swept_triangle_clear
Q3-006,巡航,782.6012602937831,801.4948461469384,R-001,8.509697182628166,swept_triangle_clear
Q3-006,巡航,801.4948461469384,820.3884320000936,R-001,8.524383647150087,swept_triangle_clear
Q3-006,下降,820.3884320000936,836.7357495049764,R-001,8.956131372601426,swept_triangle_clear
Q3-006,下降,836.7357495049764,853.0830670098593,R-001,8.934644029814097,swept_triangle_clear
Q3-006,下降,853.0830670098593,869.4303845147422,R-001,8.910390422614196,swept_triangle_clear
Q3-006,下降,869.4303845147422,885.7777020196249,R-001,8.883417245613689,swept_triangle_clear
Q3-006,交接,885.7777020196249,905.7777020196249,R-001,8.883417245613689,swept_triangle_clear
Q3-006,交接,905.7777020196249,925.7777020196249,R-001,8.883417245613689,swept_triangle_clear
Q3-006,交接,925.7777020196249,945.7777020196249,R-001,8.883417245613689,swept_triangle_clear
Q3-006,交接,945.7777020196249,965.7777020196249,R-001,8.883417245613689,swept_triangle_clear
Q3-006,交接,965.7777020196249,985.7777020196249,R-001,8.883417245613689,swept_triangle_clear
Q3-006,交接,985.7777020196249,1005.7777020196249,R-001,8.883417245613689,swept_triangle_clear
Q3-006,交接,1005.7777020196249,1025.777702019625,R-001,8.883417245613689,swept_triangle_clear
Q3-006,交接,1025.777702019625,1045.777702019625,R-001,8.883417245613689,swept_triangle_clear
Q3-006,交接,1045.777702019625,1065.777702019625,R-001,8.883417245613689,swept_triangle_clear
Q3-006,交接,1065.777702019625,1085.777702019625,R-001,8.883417245613689,swept_triangle_clear
Q3-006,交接,1085.777702019625,1105.777702019625,R-001,8.883417245613689,swept_triangle_clear
Q3-006,交接,1105.777702019625,1125.777702019625,R-001,8.883417245613689,swept_triangle_clear
Q3-006,爬升,1125.777702019625,1143.9413881361613,R-001,8.883417245613689,swept_triangle_clear
Q3-006,爬升,1143.9413881361613,1162.105074252698,R-001,8.918779534622901,swept_triangle_clear
Q3-006,爬升,1162.105074252698,1180.2687603692343,R-001,8.94927897506825,swept_triangle_clear
Q3-006,巡航,1180.2687603692343,1199.1623462223895,R-001,8.524383647150087,swept_triangle_clear
Q3-006,巡航,1199.1623462223895,1218.055932075545,R-001,8.509697182628166,swept_triangle_clear
Q3-006,巡航,1218.055932075545,1236.9495179287,R-001,8.371394962517758,swept_triangle_clear
Q3-006,巡航,1236.9495179287,1255.8431037818555,direct,0.5764231583134993,worst_obstruction
Q3-006,巡航,1255.8431037818555,1274.7366896350106,direct,1.264341719893288,worst_obstruction
Q3-006,巡航,1274.7366896350106,1293.6302754881658,direct,2.010729197825018,worst_obstruction
Q3-006,巡航,1293.6302754881658,1312.5238613413212,direct,2.8262856162516794,worst_obstruction
Q3-006,巡航,1312.5238613413212,1331.4174471944764,direct,3.7248806685053175,worst_obstruction
Q3-006,巡航,1331.4174471944764,1350.3110330476316,direct,4.724904328612459,worst_obstruction
Q3-006,巡航,1350.3110330476316,1369.204618900787,direct,5.851387820187943,worst_obstruction
Q3-006,巡航,1369.204618900787,1388.0982047539421,direct,7.139443656705854,worst_obstruction
Q3-006,巡航,1388.0982047539421,1406.9917906070973,direct,8.639997423677997,worst_obstruction
Q3-006,巡航,1406.9917906070973,1425.8853764602527,direct,10.429329645684053,worst_obstruction
Q3-006,巡航,1425.8853764602527,1444.7789623134079,direct,12.622935557946338,worst_obstruction
Q3-006,巡航,1444.7789623134079,1463.672548166563,direct,15.375217596242504,worst_obstruction
Q3-006,巡航,1463.672548166563,1482.5661340197184,direct,18.66153562487051,worst_obstruction
Q3-006,下降,1482.5661340197184,1501.77979277216,direct,20.717231343301737,worst_obstruction
Q3-006,下降,1501.77979277216,1520.9934515246014,direct,21.945465831584343,worst_obstruction
Q3-006,下降,1520.9934515246014,1540.2071102770426,direct,23.37644161219358,worst_obstruction
Q3-006,下降,1540.2071102770426,1559.420769029484,direct,25.090583344521832,worst_obstruction
Q3-006,下降,1559.420769029484,1578.6344277819255,direct,27.228311382556527,worst_obstruction
Q3-006,下降,1578.6344277819255,1597.8480865343668,direct,30.07016871427851,worst_obstruction
Q3-006,下降,1597.8480865343668,1617.0617452868082,direct,34.32170166595175,worst_obstruction
Q3-006,下降,1617.0617452868082,1636.2754040392497,direct,42.99202827701094,worst_obstruction
Q3-007,爬升,1972.1137454568284,1988.4610342751878,direct,42.685284684784435,worst_obstruction
Q3-007,爬升,1988.4610342751878,2004.8083230935472,direct,34.094563820666316,worst_obstruction
Q3-007,爬升,2004.8083230935472,2021.1556119119064,direct,29.86111489526983,worst_obstruction
Q3-007,爬升,2021.1556119119064,2037.5029007302658,direct,27.027261025146764,worst_obstruction
Q3-007,爬升,2037.5029007302658,2053.850189548625,direct,24.894047506859245,worst_obstruction
Q3-007,巡航,2053.850189548625,2073.6517413815254,direct,21.64451820948672,worst_obstruction
Q3-007,巡航,2073.6517413815254,2093.4532932144257,direct,17.527662714314484,worst_obstruction
Q3-007,巡航,2093.4532932144257,2113.254845047326,direct,14.472496167571805,worst_obstruction
Q3-007,巡航,2113.254845047326,2133.056396880226,direct,12.149667861894944,worst_obstruction
Q3-007,巡航,2133.056396880226,2152.8579487131265,direct,10.29538461726554,worst_obstruction
Q3-007,巡航,2152.8579487131265,2172.659500546027,direct,8.75803423869398,worst_obstruction
Q3-007,巡航,2172.659500546027,2192.4610523789274,direct,7.447241651707827,worst_obstruction
Q3-007,巡航,2192.4610523789274,2212.2626042118277,direct,6.305767664224664,worst_obstruction
Q3-007,巡航,2212.2626042118277,2229.6777204957098,direct,5.4111496473732075,worst_obstruction
Q3-007,巡航,2229.6777204957098,2232.064156044728,direct,5.29535701869003,worst_obstruction
Q3-007,巡航,2232.064156044728,2251.865707877628,direct,4.389266419840027,worst_obstruction
Q3-007,巡航,2251.865707877628,2271.6672597105285,direct,3.5681306036921896,worst_obstruction
Q3-007,巡航,2271.6672597105285,2291.4688115434287,direct,2.817476437985807,worst_obstruction
Q3-007,巡航,2291.4688115434287,2311.270363376329,direct,2.1262212977229176,worst_obstruction
Q3-007,巡航,2311.270363376329,2331.0719152092292,direct,1.485694289693889,worst_obstruction
Q3-007,巡航,2331.0719152092292,2350.8734670421295,direct,0.8889866756900808,worst_obstruction
Q3-007,巡航,2350.8734670421295,2370.6750188750298,direct,0.3305063639729475,worst_obstruction
Q3-007,巡航,2370.6750188750298,2390.4765707079305,direct,9.805664361183535,swept_triangle_clear
Q3-007,巡航,2390.4765707079305,2410.2781225408307,direct,9.3106490482327,swept_triangle_clear
Q3-007,巡航,2410.2781225408307,2430.079674373731,R-001,1.359756768576279,worst_obstruction
Q3-007,巡航,2430.079674373731,2449.8812262066313,R-001,1.3537168269902793,worst_obstruction
Q3-007,巡航,2449.8812262066313,2469.6827780395315,R-001,1.180800928839778,worst_obstruction
Q3-007,巡航,2469.6827780395315,2489.4843298724318,R-001,0.8597300285111498,worst_obstruction
Q3-007,巡航,2489.4843298724318,2509.285881705332,R-001,0.4211041069214012,worst_obstruction
Q3-007,巡航,2509.285881705332,2529.0874335382323,R-001,9.899121108262646,swept_triangle_clear
Q3-007,巡航,2529.0874335382323,2548.8889853711325,R-001,9.325075216621794,swept_triangle_clear
Q3-007,巡航,2548.8889853711325,2568.690537204033,R-001,8.724125885349272,swept_triangle_clear
Q3-007,巡航,2568.690537204033,2588.492089036933,R-001,8.11473869191953,swept_triangle_clear
Q3-007,巡航,2588.492089036933,2608.2936408698333,R-001,7.509554235902026,swept_triangle_clear
Q3-007,巡航,2608.2936408698333,2628.0951927027336,R-001,6.916710944514481,swept_triangle_clear
Q3-007,巡航,2628.0951927027336,2647.896744535634,R-001,6.34110710912422,swept_triangle_clear
Q3-007,巡航,2647.896744535634,2667.6982963685346,R-001,5.785415990576597,swept_triangle_clear
Q3-007,巡航,2667.6982963685346,2687.499848201435,R-001,5.250834528432636,swept_triangle_clear
Q3-007,巡航,2687.499848201435,2707.301400034335,R-001,4.737608834244359,swept_triangle_clear
Q3-007,巡航,2707.301400034335,2727.1029518672353,R-001,4.245391932622422,swept_triangle_clear
Q3-007,下降,2727.1029518672353,2740.704196170621,R-001,4.262589818457368,swept_triangle_clear
Q3-007,下降,2740.704196170621,2754.305440474006,R-001,4.253935434365481,swept_triangle_clear
Q3-007,下降,2754.305440474006,2767.9066847773915,R-001,4.244619417981575,swept_triangle_clear
Q3-007,交接,2767.9066847773915,2786.9975938683006,R-001,4.244619417981575,swept_triangle_clear
Q3-007,交接,2786.9975938683006,2806.0885029592096,R-001,4.244619417981575,swept_triangle_clear
Q3-007,交接,2806.0885029592096,2825.179412050119,R-001,4.244619417981575,swept_triangle_clear
Q3-007,交接,2825.179412050119,2844.270321141028,R-001,4.244619417981575,swept_triangle_clear
Q3-007,交接,2844.270321141028,2863.361230231937,R-001,4.244619417981575,swept_triangle_clear
Q3-007,交接,2863.361230231937,2882.452139322846,R-001,4.244619417981575,swept_triangle_clear
Q3-007,交接,2882.452139322846,2901.543048413755,R-001,4.244619417981575,swept_triangle_clear
Q3-007,交接,2901.543048413755,2920.633957504664,R-001,4.244619417981575,swept_triangle_clear
Q3-007,交接,2920.633957504664,2939.7248665955735,R-001,4.244619417981575,swept_triangle_clear
Q3-007,交接,2939.7248665955735,2958.8157756864825,R-001,4.244619417981575,swept_triangle_clear
Q3-007,交接,2958.8157756864825,2977.9066847773915,R-001,4.244619417981575,swept_triangle_clear
Q3-007,爬升,2977.9066847773915,2994.9082401566234,R-001,4.244619417981575,swept_triangle_clear
Q3-007,爬升,2994.9082401566234,3011.909795535855,R-001,4.258345587290844,swept_triangle_clear
Q3-007,巡航,3011.909795535855,3031.7113473687555,R-001,4.245391932622422,swept_triangle_clear
Q3-007,巡航,3031.7113473687555,3051.5128992016557,R-001,4.737608834244359,swept_triangle_clear
Q3-007,巡航,3051.5128992016557,3071.314451034556,R-001,5.250834528432636,swept_triangle_clear
Q3-007,巡航,3071.314451034556,3091.1160028674562,R-001,5.785415990576597,swept_triangle_clear
Q3-007,巡航,3091.1160028674562,3110.9175547003565,R-001,6.34110710912422,swept_triangle_clear
Q3-007,巡航,3110.9175547003565,3130.719106533257,R-001,6.916710944514481,swept_triangle_clear
Q3-007,巡航,3130.719106533257,3150.5206583661575,R-001,7.509554235902026,swept_triangle_clear
Q3-007,巡航,3150.5206583661575,3170.3222101990577,R-001,8.11473869191953,swept_triangle_clear
Q3-007,巡航,3170.3222101990577,3190.123762031958,R-001,8.724125885349272,swept_triangle_clear
Q3-007,巡航,3190.123762031958,3209.9253138648583,R-001,9.325075216621794,swept_triangle_clear
Q3-007,巡航,3209.9253138648583,3229.7268656977585,R-001,9.899121108262646,swept_triangle_clear
Q3-007,巡航,3229.7268656977585,3249.5284175306588,R-001,0.4211041069214012,worst_obstruction
Q3-007,巡航,3249.5284175306588,3269.329969363559,R-001,0.8597300285111498,worst_obstruction
Q3-007,巡航,3269.329969363559,3289.1315211964593,R-001,1.180800928839778,worst_obstruction
Q3-007,巡航,3289.1315211964593,3308.9330730293595,R-001,1.3537168269902793,worst_obstruction
Q3-007,巡航,3308.9330730293595,3328.73462486226,R-001,1.359756768576279,worst_obstruction
Q3-007,巡航,3328.73462486226,3348.53617669516,direct,9.3106490482327,swept_triangle_clear
Q3-007,巡航,3348.53617669516,3368.337728528061,direct,9.805664361183535,swept_triangle_clear
Q3-007,巡航,3368.337728528061,3388.139280360961,direct,0.3305063639729475,worst_obstruction
Q3-007,巡航,3388.139280360961,3407.9408321938613,direct,0.8889866756900808,worst_obstruction
Q3-007,巡航,3407.9408321938613,3427.7423840267616,direct,1.485694289693889,worst_obstruction
Q3-007,巡航,3427.7423840267616,3447.543935859662,direct,2.1262212977229176,worst_obstruction
Q3-007,巡航,3447.543935859662,3467.345487692562,direct,2.817476437985807,worst_obstruction
Q3-007,巡航,3467.345487692562,3487.1470395254623,direct,3.5681306036921896,worst_obstruction
Q3-007,巡航,3487.1470395254623,3506.9485913583626,direct,4.389266419840027,worst_obstruction
Q3-007,巡航,3506.9485913583626,3526.750143191263,direct,5.295353949598439,worst_obstruction
Q3-007,巡航,3526.750143191263,3546.5516950241636,direct,6.305767664224664,worst_obstruction
Q3-007,巡航,3546.5516950241636,3566.3532468570634,direct,7.447241651707827,worst_obstruction
Q3-007,巡航,3566.3532468570634,3586.154798689964,direct,8.75803423869398,worst_obstruction
Q3-007,巡航,3586.154798689964,3605.9563505228643,direct,10.29538461726554,worst_obstruction
Q3-007,巡航,3605.9563505228643,3625.7579023557646,direct,12.149667861894944,worst_obstruction
Q3-007,巡航,3625.7579023557646,3645.559454188665,direct,14.472496167571805,worst_obstruction
Q3-007,巡航,3645.559454188665,3665.361006021565,direct,17.527662714314484,worst_obstruction
Q3-007,巡航,3665.361006021565,3685.1625578544654,direct,21.64451820948672,worst_obstruction
Q3-007,下降,3685.1625578544654,3704.7793044364967,direct,24.894047506859245,worst_obstruction
Q3-007,下降,3704.7793044364967,3724.396051018528,direct,27.027261025146757,worst_obstruction
Q3-007,下降,3724.396051018528,3744.012797600559,direct,29.861114895269807,worst_obstruction
Q3-007,下降,3744.012797600559,3763.6295441825905,direct,34.09456382066634,worst_obstruction
Q3-007,下降,3763.6295441825905,3783.246290764622,direct,42.68528468478448,worst_obstruction
Q3-008,爬升,1915.3795695782696,1935.2460561912253,direct,39.991989927358325,worst_obstruction
Q3-008,爬升,1935.2460561912253,1955.112542804181,direct,32.01563631553785,worst_obstruction
Q3-008,爬升,1955.112542804181,1974.9790294171369,direct,27.92885384004063,worst_obstruction
Q3-008,爬升,1974.9790294171369,1994.8455160300925,direct,25.16080841557533,worst_obstruction
Q3-008,巡航,1994.8455160300925,2014.1558686628916,direct,20.753303522924426,worst_obstruction
Q3-008,巡航,2014.1558686628916,2033.4662212956905,direct,16.110423743717508,worst_obstruction
Q3-008,巡航,2033.4662212956905,2052.7765739284896,direct,12.899722734216777,worst_obstruction
Q3-008,巡航,2052.7765739284896,2072.0869265612887,direct,10.515328479176961,worst_obstruction
Q3-008,巡航,2072.0869265612887,2091.397279194088,direct,8.631106225677751,worst_obstruction
Q3-008,巡航,2091.397279194088,2110.707631826887,direct,7.0770853016242725,worst_obstruction
Q3-008,巡航,2110.707631826887,2130.017984459686,direct,5.756096891893748,worst_obstruction
Q3-008,巡航,2130.017984459686,2149.3283370924846,direct,4.607945506389115,worst_obstruction
Q3-008,巡航,2149.3283370924846,2168.6386897252837,direct,3.5929254969148285,worst_obstruction
Q3-008,巡航,2168.6386897252837,2187.949042358083,direct,2.6835282801170894,worst_obstruction
Q3-008,巡航,2187.949042358083,2207.259394990882,direct,1.85993515742304,worst_obstruction
Q3-008,下降,2207.259394990882,2217.5189628619755,direct,1.8599351574532097,worst_obstruction
Q3-008,下降,2217.5189628619755,2227.7785307330696,direct,1.8644276862153841,worst_obstruction
Q3-008,交接,2227.7785307330696,2229.6777204957098,direct,1.8683635097689297,worst_obstruction
Q3-008,交接,2229.6777204957098,2246.8694398239786,direct,1.8683635097689297,worst_obstruction
Q3-008,交接,2246.8694398239786,2265.9603489148876,direct,1.8683635097689297,worst_obstruction
Q3-008,交接,2265.9603489148876,2285.051258005797,direct,1.8683635097689297,worst_obstruction
Q3-008,交接,2285.051258005797,2304.142167096706,direct,1.8683635097689297,worst_obstruction
Q3-008,交接,2304.142167096706,2323.233076187615,direct,1.8683635097689297,worst_obstruction
Q3-008,交接,2323.233076187615,2342.323985278524,direct,1.8683635097689297,worst_obstruction
Q3-008,交接,2342.323985278524,2361.414894369433,direct,1.8683635097689297,worst_obstruction
Q3-008,交接,2361.414894369433,2380.505803460342,direct,1.8683635097689297,worst_obstruction
Q3-008,交接,2380.505803460342,2399.5967125512516,direct,1.8683635097689297,worst_obstruction
Q3-008,交接,2399.5967125512516,2418.6876216421606,direct,1.8683635097689297,worst_obstruction
Q3-008,交接,2418.6876216421606,2437.7785307330696,direct,1.8683635097689297,worst_obstruction
Q3-008,爬升,2437.7785307330696,2454.877810518226,direct,1.8599351574532097,worst_obstruction
Q3-008,巡航,2454.877810518226,2474.188163151025,direct,1.85993515742304,worst_obstruction
Q3-008,巡航,2474.188163151025,2493.498515783824,direct,2.6835282801170894,worst_obstruction
Q3-008,巡航,2493.498515783824,2512.808868416623,direct,3.5929254969148285,worst_obstruction
Q3-008,巡航,2512.808868416623,2532.1192210494223,direct,4.607945506389115,worst_obstruction
Q3-008,巡航,2532.1192210494223,2551.4295736822214,direct,5.756096891893748,worst_obstruction
Q3-008,巡航,2551.4295736822214,2570.73992631502,direct,7.0770853016242725,worst_obstruction
Q3-008,巡航,2570.73992631502,2590.050278947819,direct,8.631106225677751,worst_obstruction
Q3-008,巡航,2590.050278947819,2609.3606315806182,direct,10.515328479176961,worst_obstruction
Q3-008,巡航,2609.3606315806182,2628.6709842134173,direct,12.899722734216777,worst_obstruction
Q3-008,巡航,2628.6709842134173,2647.9813368462164,direct,16.110423743717508,worst_obstruction
Q3-008,巡航,2647.9813368462164,2667.2916894790155,direct,20.753303522924426,worst_obstruction
Q3-008,下降,2667.2916894790155,2686.363516627453,direct,25.16080841557533,worst_obstruction
Q3-008,下降,2686.363516627453,2705.4353437758905,direct,27.300175067997635,worst_obstruction
Q3-008,下降,2705.4353437758905,2724.507170924328,direct,30.14494023426778,worst_obstruction
Q3-008,下降,2724.507170924328,2743.5789980727654,direct,34.40305698380587,worst_obstruction
Q3-008,下降,2743.5789980727654,2762.650825221203,direct,43.1025890517096,worst_obstruction
Q3-009,爬升,2040.1690781764914,2058.2945035915304,direct,43.87870941331366,worst_obstruction
Q3-009,爬升,2058.2945035915304,2076.41992900657,direct,34.96634435258525,worst_obstruction
Q3-009,爬升,2076.41992900657,2094.545354421609,direct,30.66105750651289,worst_obstruction
Q3-009,爬升,2094.545354421609,2112.670779836648,direct,27.795551548655098,worst_obstruction
Q3-009,巡航,2112.670779836648,2132.4342745930117,direct,21.380831857569724,worst_obstruction
Q3-009,巡航,2132.4342745930117,2152.197769349376,direct,16.175920964288494,worst_obstruction
Q3-009,巡航,2152.197769349376,2171.9612641057397,direct,12.823536865292454,worst_obstruction
Q3-009,巡航,2171.9612641057397,2191.724758862104,direct,10.385670294317372,worst_obstruction
Q3-009,巡航,2191.724758862104,2211.4882536184678,direct,8.475959185311357,worst_obstruction
Q3-009,巡航,2211.4882536184678,2229.6777204957098,direct,7.023001991003216,worst_obstruction
Q3-009,巡航,2229.6777204957098,2231.2517483748315,direct,6.907903892157346,worst_obstruction
Q3-009,巡航,2231.2517483748315,2251.015243131196,direct,5.5783702289851504,worst_obstruction
Q3-009,巡航,2251.015243131196,2270.7787378875596,direct,4.424655109514525,worst_obstruction
Q3-009,巡航,2270.7787378875596,2290.542232643924,direct,3.4058114049276256,worst_obstruction
Q3-009,巡航,2290.542232643924,2310.3057274002877,direct,2.493676125958304,worst_obstruction
Q3-009,巡航,2310.3057274002877,2330.0692221566514,direct,1.6680568992575946,worst_obstruction
Q3-009,巡航,2330.0692221566514,2349.8327169130157,direct,0.9139884550946764,worst_obstruction
Q3-009,巡航,2349.8327169130157,2369.5962116693795,direct,0.22007426768702487,worst_obstruction
Q3-009,巡航,2369.5962116693795,2389.3597064257438,R-001,3.3519845370663255,swept_triangle_clear
Q3-009,巡航,2389.3597064257438,2409.1232011821076,R-001,3.1801051786178878,swept_triangle_clear
Q3-009,巡航,2409.1232011821076,2428.8866959384713,R-001,2.961500311155545,swept_triangle_clear
Q3-009,巡航,2428.8866959384713,2448.6501906948356,R-001,2.6997589574527083,swept_triangle_clear
Q3-009,巡航,2448.6501906948356,2468.4136854511994,R-001,2.4188873032803784,swept_triangle_clear
Q3-009,巡航,2468.4136854511994,2488.1771802075637,R-001,2.1233162324870936,swept_triangle_clear
Q3-009,巡航,2488.1771802075637,2507.9406749639274,R-001,1.8169905489187652,swept_triangle_clear
Q3-009,巡航,2507.9406749639274,2527.7041697202912,R-001,1.5033287539629754,swept_triangle_clear
Q3-009,巡航,2527.7041697202912,2547.4676644766555,R-001,1.185226513462192,swept_triangle_clear
Q3-009,巡航,2547.4676644766555,2567.2311592330193,R-001,0.8650886781165461,swept_triangle_clear
Q3-009,巡航,2567.2311592330193,2586.9946539893836,R-001,0.544877419652499,swept_triangle_clear
Q3-009,巡航,2586.9946539893836,2606.7581487457473,R-001,0.2261672842606295,swept_triangle_clear
Q3-009,下降,2606.7581487457473,2621.667191104146,R-001,0.22303914406488978,swept_triangle_clear
Q3-009,下降,2621.667191104146,2636.576233462544,R-001,0.219643583207624,swept_triangle_clear
Q3-009,下降,2636.576233462544,2651.4852758209427,R-001,0.21604422695511083,swept_triangle_clear
Q3-009,交接,2651.4852758209427,2671.285275820943,R-001,0.21604422695511083,swept_triangle_clear
Q3-009,交接,2671.285275820943,2691.0852758209426,R-001,0.21604422695511083,swept_triangle_clear
Q3-009,交接,2691.0852758209426,2710.8852758209428,R-001,0.21604422695511083,swept_triangle_clear
Q3-009,交接,2710.8852758209428,2730.6852758209425,R-001,0.21604422695511083,swept_triangle_clear
Q3-009,交接,2730.6852758209425,2750.4852758209427,R-001,0.21604422695511083,swept_triangle_clear
Q3-009,交接,2750.4852758209427,2770.285275820943,R-001,0.21604422695511083,swept_triangle_clear
Q3-009,交接,2770.285275820943,2790.0852758209426,R-001,0.21604422695511083,swept_triangle_clear
Q3-009,交接,2790.0852758209426,2809.8852758209428,R-001,0.21604422695511083,swept_triangle_clear
Q3-009,交接,2809.8852758209428,2829.6852758209425,R-001,0.21604422695511083,swept_triangle_clear
Q3-009,交接,2829.6852758209425,2849.4852758209427,R-001,0.21604422695511083,swept_triangle_clear
Q3-009,交接,2849.4852758209427,2869.285275820943,R-001,0.21604422695511083,swept_triangle_clear
Q3-009,交接,2869.285275820943,2889.0852758209426,R-001,0.21604422695511083,swept_triangle_clear
Q3-009,交接,2889.0852758209426,2908.8852758209428,R-001,0.21604422695511083,swept_triangle_clear
Q3-009,交接,2908.8852758209428,2928.6852758209425,R-001,0.21604422695511083,swept_triangle_clear
Q3-009,交接,2928.6852758209425,2948.4852758209427,R-001,0.21604422695511083,swept_triangle_clear
Q3-009,交接,2948.4852758209427,2968.285275820943,R-001,0.21604422695511083,swept_triangle_clear
Q3-009,交接,2968.285275820943,2988.0852758209426,R-001,0.21604422695511083,swept_triangle_clear
Q3-009,交接,2988.0852758209426,3007.8852758209428,R-001,0.21604422695511083,swept_triangle_clear
Q3-009,交接,3007.8852758209428,3027.6852758209425,R-001,0.21604422695511083,swept_triangle_clear
Q3-009,交接,3027.6852758209425,3047.4852758209427,R-001,0.21604422695511083,swept_triangle_clear
Q3-009,爬升,3047.4852758209427,3065.376126651021,R-001,0.21604422695511083,swept_triangle_clear
Q3-009,爬升,3065.376126651021,3083.266977481099,R-001,0.22136686875728984,swept_triangle_clear
Q3-009,巡航,3083.266977481099,3103.0304722374626,R-001,0.2261672842606295,swept_triangle_clear
Q3-009,巡航,3103.0304722374626,3122.793966993827,R-001,0.544877419652499,swept_triangle_clear
Q3-009,巡航,3122.793966993827,3142.5574617501907,R-001,0.8650886781165461,swept_triangle_clear
Q3-009,巡航,3142.5574617501907,3162.320956506555,R-001,1.185226513462192,swept_triangle_clear
Q3-009,巡航,3162.320956506555,3182.0844512629187,R-001,1.5033287539629754,swept_triangle_clear
Q3-009,巡航,3182.0844512629187,3201.8479460192825,R-001,1.8169905489187652,swept_triangle_clear
Q3-009,巡航,3201.8479460192825,3221.6114407756468,R-001,2.1233162324870936,swept_triangle_clear
Q3-009,巡航,3221.6114407756468,3241.3749355320106,R-001,2.4188873032803784,swept_triangle_clear
Q3-009,巡航,3241.3749355320106,3261.138430288375,R-001,2.6997589574527083,swept_triangle_clear
Q3-009,巡航,3261.138430288375,3280.9019250447386,R-001,2.961500311155545,swept_triangle_clear
Q3-009,巡航,3280.9019250447386,3300.6654198011024,R-001,3.1801051786178878,swept_triangle_clear
Q3-009,巡航,3300.6654198011024,3320.4289145574667,R-001,3.3519845370663255,swept_triangle_clear
Q3-009,巡航,3320.4289145574667,3340.1924093138305,direct,0.22007426768702487,worst_obstruction
Q3-009,巡航,3340.1924093138305,3359.9559040701947,direct,0.9139884550946764,worst_obstruction
Q3-009,巡航,3359.9559040701947,3379.7193988265585,direct,1.6680568992575946,worst_obstruction
Q3-009,巡航,3379.7193988265585,3399.4828935829223,direct,2.493676125958304,worst_obstruction
Q3-009,巡航,3399.4828935829223,3419.2463883392866,direct,3.4058114049276256,worst_obstruction
Q3-009,巡航,3419.2463883392866,3439.0098830956504,direct,4.424655109514525,worst_obstruction
Q3-009,巡航,3439.0098830956504,3458.7733778520146,direct,5.5783702289851504,worst_obstruction
Q3-009,巡航,3458.7733778520146,3478.5368726083784,direct,6.907893284178009,worst_obstruction
Q3-009,巡航,3478.5368726083784,3498.300367364742,direct,8.475959185311357,worst_obstruction
Q3-009,巡航,3498.300367364742,3518.0638621211065,direct,10.385670294317372,worst_obstruction
Q3-009,巡航,3518.0638621211065,3537.8273568774703,direct,12.823536865292454,worst_obstruction
Q3-009,巡航,3537.8273568774703,3557.5908516338345,direct,16.175920964288494,worst_obstruction
Q3-009,巡航,3557.5908516338345,3577.3543463901983,direct,21.380831857569724,worst_obstruction
Q3-009,下降,3577.3543463901983,3595.4797718052373,direct,27.795551548655098,worst_obstruction
Q3-009,下降,3595.4797718052373,3613.6051972202763,direct,30.007338421908948,worst_obstruction
Q3-009,下降,3613.6051972202763,3631.7306226353157,direct,32.982158124693775,worst_obstruction
Q3-009,下降,3631.7306226353157,3649.8560480503547,direct,37.542307570167125,worst_obstruction
Q3-009,下降,3649.8560480503547,3667.9814734653937,direct,45.92517525248826,worst_obstruction
Q3-010,爬升,360.0,379.04006632486977,direct,40.553569255918,worst_obstruction
Q3-010,爬升,379.04006632486977,398.0801326497396,direct,32.46103293889698,worst_obstruction
Q3-010,爬升,398.0801326497396,417.12019897460937,direct,28.345518529828453,worst_obstruction
Q3-010,爬升,417.12019897460937,436.1602652994792,direct,25.564454038992494,worst_obstruction
Q3-010,爬升,436.1602652994792,455.20033162434896,direct,23.46118121667771,worst_obstruction
Q3-010,巡航,455.20033162434896,475.06724524439505,direct,20.894427303370122,worst_obstruction
Q3-010,巡航,475.06724524439505,494.93415886444114,direct,17.204685256357905,worst_obstruction
Q3-010,巡航,494.93415886444114,514.8010724844872,direct,14.295413848674752,worst_obstruction
Q3-010,巡航,514.8010724844872,534.6679861045334,direct,12.033232346430083,worst_obstruction
Q3-010,巡航,534.6679861045334,554.5348997245794,direct,10.209075337101613,worst_obstruction
Q3-010,巡航,554.5348997245794,574.4018133446256,direct,8.688689266297544,worst_obstruction
Q3-010,巡航,574.4018133446256,594.2687269646716,direct,7.388343852560752,worst_obstruction
Q3-010,巡航,594.2687269646716,614.1356405847177,direct,6.2537447746596655,worst_obstruction
Q3-010,巡航,614.1356405847177,623.5953563127749,direct,5.760622030272756,worst_obstruction
Q3-010,巡航,623.5953563127749,634.0025542047638,direct,5.248103154542459,worst_obstruction
Q3-010,巡航,634.0025542047638,653.8694678248099,direct,4.345435502576734,worst_obstruction
Q3-010,巡航,653.8694678248099,673.736381444856,direct,3.526855362565019,worst_obstruction
Q3-010,巡航,673.736381444856,691.9805605295597,direct,2.8369705093315414,worst_obstruction
Q3-010,巡航,691.9805605295597,693.6032950649021,direct,2.7781792906449567,worst_obstruction
Q3-010,巡航,693.6032950649021,713.4702086849481,direct,2.088431837634726,worst_obstruction
Q3-010,巡航,713.4702086849481,733.3371223049942,direct,1.4491260930024445,worst_obstruction
Q3-010,巡航,733.3371223049942,753.2040359250403,direct,0.8534095352617879,worst_obstruction
Q3-010,巡航,753.2040359250403,773.0709495450865,direct,0.29574536720664035,worst_obstruction
Q3-010,巡航,773.0709495450865,792.9378631651325,R-002,3.1157166964976284,swept_triangle_clear
Q3-010,巡航,792.9378631651325,812.8047767851787,R-002,3.1157166964976284,swept_triangle_clear
Q3-010,巡航,812.8047767851787,832.6716904052248,R-002,3.1157166964976284,swept_triangle_clear
Q3-010,巡航,832.6716904052248,852.5386040252708,R-002,3.1157166964976284,swept_triangle_clear
Q3-010,巡航,852.5386040252708,872.4055176453169,R-002,3.1157166964976284,swept_triangle_clear
Q3-010,巡航,872.4055176453169,892.272431265363,R-002,3.1157166964976284,swept_triangle_clear
Q3-010,巡航,892.272431265363,912.1393448854092,R-002,3.1157166964976284,swept_triangle_clear
Q3-010,巡航,912.1393448854092,932.0062585054552,R-002,3.1157166964976284,swept_triangle_clear
Q3-010,巡航,932.0062585054552,951.8731721255012,R-002,3.1157166964976284,swept_triangle_clear
Q3-010,巡航,951.8731721255012,971.7400857455473,R-002,3.1157166964976284,swept_triangle_clear
Q3-010,巡航,971.7400857455473,991.6069993655935,R-002,3.1157166964976284,swept_triangle_clear
Q3-010,巡航,991.6069993655935,1011.4739129856396,R-002,3.1157166964976284,swept_triangle_clear
Q3-010,巡航,1011.4739129856396,1031.3408266056856,R-002,3.0078584804453,swept_triangle_clear
Q3-010,巡航,1031.3408266056856,1051.2077402257316,R-002,2.6421292272838315,swept_triangle_clear
Q3-010,巡航,1051.2077402257316,1071.074653845778,R-002,2.2835271209773076,swept_triangle_clear
Q3-010,下降,1071.074653845778,1088.8747864955176,R-002,2.279709039977231,swept_triangle_clear
Q3-010,下降,1088.8747864955176,1106.674919145257,R-002,2.275153401242868,swept_triangle_clear
Q3-010,下降,1106.674919145257,1124.4750517949967,R-002,2.269864654712711,swept_triangle_clear
Q3-010,交接,1124.4750517949967,1143.5659608859057,R-002,2.269864654712711,swept_triangle_clear
Q3-010,交接,1143.5659608859057,1162.656869976815,R-002,2.269864654712711,swept_triangle_clear
Q3-010,交接,1162.656869976815,1181.747779067724,R-002,2.269864654712711,swept_triangle_clear
Q3-010,交接,1181.747779067724,1200.838688158633,R-002,2.269864654712711,swept_triangle_clear
Q3-010,交接,1200.838688158633,1219.9295972495422,R-002,2.269864654712711,swept_triangle_clear
Q3-010,交接,1219.9295972495422,1239.0205063404512,R-002,2.269864654712711,swept_triangle_clear
Q3-010,交接,1239.0205063404512,1258.1114154313605,R-002,2.269864654712711,swept_triangle_clear
Q3-010,交接,1258.1114154313605,1277.2023245222695,R-002,2.269864654712711,swept_triangle_clear
Q3-010,交接,1277.2023245222695,1296.2932336131785,R-002,2.269864654712711,swept_triangle_clear
Q3-010,交接,1296.2932336131785,1315.3841427040877,R-002,2.269864654712711,swept_triangle_clear
Q3-010,交接,1315.3841427040877,1334.4750517949967,R-002,2.269864654712711,swept_triangle_clear
Q3-010,爬升,1334.4750517949967,1349.3084956697796,R-002,2.269864654712711,swept_triangle_clear
Q3-010,爬升,1349.3084956697796,1364.1419395445628,R-002,2.275153401242868,swept_triangle_clear
Q3-010,爬升,1364.1419395445628,1378.9753834193457,R-002,2.279709039977231,swept_triangle_clear
Q3-010,巡航,1378.9753834193457,1398.8422970393917,R-002,2.2835271209773076,swept_triangle_clear
Q3-010,巡航,1398.8422970393917,1418.709210659438,R-002,2.6421292272838315,swept_triangle_clear
Q3-010,巡航,1418.709210659438,1438.576124279484,R-002,3.0078584804453,swept_triangle_clear
Q3-010,巡航,1438.576124279484,1458.44303789953,R-002,3.1157166964976284,swept_triangle_clear
Q3-010,巡航,1458.44303789953,1478.309951519576,R-002,3.1157166964976284,swept_triangle_clear
Q3-010,巡航,1478.309951519576,1498.1768651396224,R-002,3.1157166964976284,swept_triangle_clear
Q3-010,巡航,1498.1768651396224,1518.0437787596684,R-002,3.1157166964976284,swept_triangle_clear
Q3-010,巡航,1518.0437787596684,1537.9106923797144,R-002,3.1157166964976284,swept_triangle_clear
Q3-010,巡航,1537.9106923797144,1557.7776059997605,R-002,3.1157166964976284,swept_triangle_clear
Q3-010,巡航,1557.7776059997605,1577.6445196198067,R-002,3.1157166964976284,swept_triangle_clear
Q3-010,巡航,1577.6445196198067,1597.5114332398527,R-002,3.1157166964976284,swept_triangle_clear
Q3-010,巡航,1597.5114332398527,1617.3783468598988,R-002,3.1157166964976284,swept_triangle_clear
Q3-010,巡航,1617.3783468598988,1637.2452604799448,R-002,3.1157166964976284,swept_triangle_clear
Q3-010,巡航,1637.2452604799448,1657.112174099991,R-002,3.1157166964976284,swept_triangle_clear
Q3-010,巡航,1657.112174099991,1676.9790877200371,R-002,3.1157166964976284,swept_triangle_clear
Q3-010,巡航,1676.9790877200371,1696.8460013400831,direct,0.29574536720664035,worst_obstruction
Q3-010,巡航,1696.8460013400831,1716.7129149601292,direct,0.8534095352617879,worst_obstruction
Q3-010,巡航,1716.7129149601292,1736.5798285801754,direct,1.4491260930024445,worst_obstruction
Q3-010,巡航,1736.5798285801754,1756.4467422002215,direct,2.088431837634726,worst_obstruction
Q3-010,巡航,1756.4467422002215,1776.3136558202675,direct,2.7781565655581204,worst_obstruction
Q3-010,巡航,1776.3136558202675,1796.1805694403138,direct,3.526855362565019,worst_obstruction
Q3-010,巡航,1796.1805694403138,1816.0474830603598,direct,4.345435502576734,worst_obstruction
Q3-010,巡航,1816.0474830603598,1835.9143966804058,direct,5.248091450397631,worst_obstruction
Q3-010,巡航,1835.9143966804058,1855.7813103004519,direct,6.2537447746596655,worst_obstruction
Q3-010,巡航,1855.7813103004519,1875.648223920498,direct,7.388343852560752,worst_obstruction
Q3-010,巡航,1875.648223920498,1895.515137540544,direct,8.688689266297544,worst_obstruction
Q3-010,巡航,1895.515137540544,1915.3820511605902,direct,10.209075337101613,worst_obstruction
Q3-010,巡航,1915.3820511605902,1935.2489647806362,direct,12.033232346430083,worst_obstruction
Q3-010,巡航,1935.2489647806362,1955.1158784006825,direct,14.295413848674752,worst_obstruction
Q3-010,巡航,1955.1158784006825,1974.9827920207285,direct,17.204685256357905,worst_obstruction
Q3-010,巡航,1974.9827920207285,1994.8497056407746,direct,20.894427303370122,worst_obstruction
Q3-010,下降,1994.8497056407746,2013.8897719656443,direct,23.46118121667771,worst_obstruction
Q3-010,下降,2013.8897719656443,2032.9298382905142,direct,25.176612261026477,worst_obstruction
Q3-010,下降,2032.9298382905142,2051.9699046153837,direct,27.316349549092166,worst_obstruction
Q3-010,下降,2051.9699046153837,2071.009970940254,direct,30.161772645055798,worst_obstruction
Q3-010,下降,2071.009970940254,2090.0500372651236,direct,34.421380050129954,worst_obstruction
Q3-010,下降,2090.0500372651236,2109.0901035899933,direct,43.1275413425099,worst_obstruction
Q3-011,爬升,1996.2754040392497,2016.1418906522053,direct,39.99198992735836,worst_obstruction
Q3-011,爬升,2016.1418906522053,2036.0083772651612,direct,32.01563631553782,worst_obstruction
Q3-011,爬升,2036.0083772651612,2055.874863878117,direct,27.928853840040624,worst_obstruction
Q3-011,爬升,2055.874863878117,2075.741350491073,direct,25.16080841557533,worst_obstruction
Q3-011,巡航,2075.741350491073,2095.051703123872,direct,20.753303522924426,worst_obstruction
Q3-011,巡航,2095.051703123872,2114.362055756671,direct,16.110423743717508,worst_obstruction
Q3-011,巡航,2114.362055756671,2133.67240838947,direct,12.899722734216777,worst_obstruction
Q3-011,巡航,2133.67240838947,2152.982761022269,direct,10.515328479176961,worst_obstruction
Q3-011,巡航,2152.982761022269,2172.2931136550683,direct,8.631106225677751,worst_obstruction
Q3-011,巡航,2172.2931136550683,2191.603466287867,direct,7.0770853016242725,worst_obstruction
Q3-011,巡航,2191.603466287867,2210.913818920666,direct,5.756096891893748,worst_obstruction
Q3-011,巡航,2210.913818920666,2229.6777204957098,direct,4.638452626906645,worst_obstruction
Q3-011,巡航,2229.6777204957098,2230.224171553465,direct,4.607945506418309,worst_obstruction
Q3-011,巡航,2230.224171553465,2249.534524186264,direct,3.5929254969148285,worst_obstruction
Q3-011,巡航,2249.534524186264,2268.8448768190633,direct,2.6835282801170894,worst_obstruction
Q3-011,巡航,2268.8448768190633,2288.1552294518624,direct,1.85993515742304,worst_obstruction
Q3-011,下降,2288.1552294518624,2298.4147973229565,direct,1.8599351574532097,worst_obstruction
Q3-011,下降,2298.4147973229565,2308.67436519405,direct,1.8644276862153841,worst_obstruction
Q3-011,交接,2308.67436519405,2328.67436519405,direct,1.8683635097689297,worst_obstruction
Q3-011,交接,2328.67436519405,2348.67436519405,direct,1.8683635097689297,worst_obstruction
Q3-011,交接,2348.67436519405,2368.67436519405,direct,1.8683635097689297,worst_obstruction
Q3-011,交接,2368.67436519405,2388.67436519405,direct,1.8683635097689297,worst_obstruction
Q3-011,交接,2388.67436519405,2408.67436519405,direct,1.8683635097689297,worst_obstruction
Q3-011,交接,2408.67436519405,2428.67436519405,direct,1.8683635097689297,worst_obstruction
Q3-011,交接,2428.67436519405,2448.67436519405,direct,1.8683635097689297,worst_obstruction
Q3-011,交接,2448.67436519405,2468.67436519405,direct,1.8683635097689297,worst_obstruction
Q3-011,交接,2468.67436519405,2488.67436519405,direct,1.8683635097689297,worst_obstruction
Q3-011,爬升,2488.67436519405,2507.0451204023834,direct,1.859219593903946,worst_obstruction
Q3-011,爬升,2507.0451204023834,2525.4158756107167,direct,1.8475149248440097,worst_obstruction
Q3-011,爬升,2525.4158756107167,2543.78663081905,direct,1.8332702021643517,worst_obstruction
Q3-011,爬升,2543.78663081905,2562.1573860273834,direct,1.8165104423936356,worst_obstruction
Q3-011,爬升,2562.1573860273834,2580.5281412357167,direct,1.7972648345277982,worst_obstruction
Q3-011,巡航,2580.5281412357167,2599.1017838465846,direct,1.577981298145863,worst_obstruction
Q3-011,巡航,2599.1017838465846,2617.6754264574524,direct,1.3106724853362994,worst_obstruction
Q3-011,巡航,2617.6754264574524,2636.24906906832,direct,1.0042511658667301,worst_obstruction
Q3-011,巡航,2636.24906906832,2654.8227116791877,direct,0.6675150640329264,worst_obstruction
Q3-011,巡航,2654.8227116791877,2673.3963542900556,direct,0.30853230894589423,worst_obstruction
Q3-011,巡航,2673.3963542900556,2682.6831755954895,direct,0.1229749771847839,worst_obstruction
Q3-011,巡航,2682.6831755954895,2691.9699969009234,direct,9.934372158892714,swept_triangle_clear
Q3-011,巡航,2691.9699969009234,2710.543639511791,R-001,6.85989421992509,swept_triangle_clear
Q3-011,巡航,2710.543639511791,2729.1172821226587,R-001,7.516544290656151,swept_triangle_clear
Q3-011,巡航,2729.1172821226587,2747.6909247335266,R-001,8.17631550179463,swept_triangle_clear
Q3-011,下降,2747.6909247335266,2767.0398309835264,R-001,8.986719395894934,swept_triangle_clear
Q3-011,下降,2767.0398309835264,2786.3887372335266,R-001,8.966770495766891,swept_triangle_clear
Q3-011,下降,2786.3887372335266,2805.7376434835264,R-001,8.9428584885481,swept_triangle_clear
Q3-011,下降,2805.7376434835264,2825.0865497335267,R-001,8.91504898765416,swept_triangle_clear
Q3-011,下降,2825.0865497335267,2844.4354559835265,R-001,8.883417245613689,swept_triangle_clear
Q3-011,交接,2844.4354559835265,2864.4354559835265,R-001,8.883417245613689,swept_triangle_clear
Q3-011,交接,2864.4354559835265,2884.4354559835265,R-001,8.883417245613689,swept_triangle_clear
Q3-011,交接,2884.4354559835265,2904.4354559835265,R-001,8.883417245613689,swept_triangle_clear
Q3-011,交接,2904.4354559835265,2924.4354559835265,R-001,8.883417245613689,swept_triangle_clear
Q3-011,交接,2924.4354559835265,2944.4354559835265,R-001,8.883417245613689,swept_triangle_clear
Q3-011,交接,2944.4354559835265,2964.4354559835265,R-001,8.883417245613689,swept_triangle_clear
Q3-011,交接,2964.4354559835265,2984.4354559835265,R-001,8.883417245613689,swept_triangle_clear
Q3-011,交接,2984.4354559835265,3004.4354559835265,R-001,8.883417245613689,swept_triangle_clear
Q3-011,交接,3004.4354559835265,3024.4354559835265,R-001,8.883417245613689,swept_triangle_clear
Q3-011,爬升,3024.4354559835265,3042.599142100063,R-001,8.883417245613689,swept_triangle_clear
Q3-011,爬升,3042.599142100063,3060.7628282165992,R-001,8.918779534622901,swept_triangle_clear
Q3-011,爬升,3060.7628282165992,3078.926514333136,R-001,8.94927897506825,swept_triangle_clear
Q3-011,巡航,3078.926514333136,3097.8201001862913,R-001,8.524383647150087,swept_triangle_clear
Q3-011,巡航,3097.8201001862913,3116.713686039446,R-001,8.509697182628166,swept_triangle_clear
Q3-011,巡航,3116.713686039446,3135.6072718926016,R-001,8.371394962515994,swept_triangle_clear
Q3-011,巡航,3135.6072718926016,3154.500857745757,direct,0.5764231583134993,worst_obstruction
Q3-011,巡航,3154.500857745757,3173.394443598912,direct,1.264341719893288,worst_obstruction
Q3-011,巡航,3173.394443598912,3192.2880294520673,direct,2.010729197825018,worst_obstruction
Q3-011,巡航,3192.2880294520673,3211.1816153052227,direct,2.8262856162516794,worst_obstruction
Q3-011,巡航,3211.1816153052227,3230.075201158378,direct,3.7248806685053175,worst_obstruction
Q3-011,巡航,3230.075201158378,3248.968787011533,direct,4.724904328613208,worst_obstruction
Q3-011,巡航,3248.968787011533,3267.8623728646885,direct,5.851387820187943,worst_obstruction
Q3-011,巡航,3267.8623728646885,3286.755958717844,direct,7.139443656705854,worst_obstruction
Q3-011,巡航,3286.755958717844,3305.649544570999,direct,8.639997423677997,worst_obstruction
Q3-011,巡航,3305.649544570999,3324.5431304241542,direct,10.429329645684053,worst_obstruction
Q3-011,巡航,3324.5431304241542,3343.4367162773096,direct,12.622935557946338,worst_obstruction
Q3-011,巡航,3343.4367162773096,3362.3303021304646,direct,15.375217596256086,worst_obstruction
Q3-011,巡航,3362.3303021304646,3381.22388798362,direct,18.66153562487051,worst_obstruction
Q3-011,下降,3381.22388798362,3400.4375467360614,direct,20.717231343301737,worst_obstruction
Q3-011,下降,3400.4375467360614,3419.651205488503,direct,21.945465831584343,worst_obstruction
Q3-011,下降,3419.651205488503,3438.8648642409444,direct,23.37644161219358,worst_obstruction
Q3-011,下降,3438.8648642409444,3458.0785229933854,direct,25.090583344521846,worst_obstruction
Q3-011,下降,3458.0785229933854,3477.292181745827,direct,27.228311382556498,worst_obstruction
Q3-011,下降,3477.292181745827,3496.5058404982683,direct,30.070168714278466,worst_obstruction
Q3-011,下降,3496.5058404982683,3515.7194992507098,direct,34.32170166595175,worst_obstruction
Q3-011,下降,3515.7194992507098,3534.933158003151,direct,42.99202827701094,worst_obstruction
Q3-012,爬升,390.0,407.10758531358505,direct,42.028575834188636,worst_obstruction
Q3-012,爬升,407.10758531358505,424.21517062717015,direct,33.60138968771983,worst_obstruction
Q3-012,爬升,424.21517062717015,441.3227559407552,direct,29.405736324095628,worst_obstruction
Q3-012,爬升,441.3227559407552,458.43034125434025,direct,26.588687548371276,worst_obstruction
Q3-012,爬升,458.43034125434025,475.53792656792535,direct,24.464974504050502,worst_obstruction
Q3-012,爬升,475.53792656792535,492.6455118815104,direct,22.759839664518097,worst_obstruction
Q3-012,巡航,492.6455118815104,512.5809072137903,direct,19.582074037250457,worst_obstruction
Q3-012,巡航,512.5809072137903,532.5163025460703,direct,15.505225579811551,worst_obstruction
Q3-012,巡航,532.5163025460703,552.4516978783502,direct,12.462937809726128,worst_obstruction
Q3-012,巡航,552.4516978783502,572.38709321063,direct,10.145357839432624,worst_obstruction
Q3-012,巡航,572.38709321063,592.3224885429099,direct,8.293665229546484,worst_obstruction
Q3-012,巡航,592.3224885429099,612.2578838751899,direct,6.7577735956516705,worst_obstruction
Q3-012,巡航,612.2578838751899,623.5953563127749,direct,5.989316948932869,worst_obstruction
Q3-012,巡航,623.5953563127749,632.1932792074698,direct,5.447894406892674,worst_obstruction
Q3-012,巡航,632.1932792074698,652.1286745397497,direct,4.307007079763178,worst_obstruction
Q3-012,巡航,652.1286745397497,672.0640698720297,direct,3.2970119463072614,worst_obstruction
Q3-012,巡航,672.0640698720297,691.9805605295597,direct,2.3920465614020774,worst_obstruction
Q3-012,巡航,691.9805605295597,691.9994652043096,direct,2.391250608033591,worst_obstruction
Q3-012,巡航,691.9994652043096,711.9348605365894,direct,1.570326462168481,worst_obstruction
Q3-012,巡航,711.9348605365894,731.8702558688694,direct,0.8198534083013698,worst_obstruction
Q3-012,巡航,731.8702558688694,751.8056512011493,direct,0.1287434730098287,worst_obstruction
Q3-012,巡航,751.8056512011493,771.7410465334292,R-002,3.1157166964976284,worst_obstruction
Q3-012,巡航,771.7410465334292,791.6764418657092,R-002,3.1157166964976284,worst_obstruction
Q3-012,巡航,791.6764418657092,811.6118371979891,R-002,3.1157166964976284,worst_obstruction
Q3-012,下降,811.6118371979891,828.4191443268953,R-002,3.1157166964976284,worst_obstruction
Q3-012,下降,828.4191443268953,845.2264514558016,R-002,3.1157166964976284,worst_obstruction
Q3-012,交接,845.2264514558016,865.2264514558016,R-002,3.1157166964976284,worst_obstruction
Q3-012,交接,865.2264514558016,885.2264514558016,R-002,3.1157166964976284,worst_obstruction
Q3-012,交接,885.2264514558016,905.2264514558016,R-002,3.1157166964976284,worst_obstruction
Q3-012,交接,905.2264514558016,925.2264514558016,R-002,3.1157166964976284,worst_obstruction
Q3-012,交接,925.2264514558016,945.2264514558016,R-002,3.1157166964976284,worst_obstruction
Q3-012,交接,945.2264514558016,965.2264514558015,R-002,3.1157166964976284,worst_obstruction
Q3-012,交接,965.2264514558015,985.2264514558015,R-002,3.1157166964976284,worst_obstruction
Q3-012,交接,985.2264514558015,1005.2264514558015,R-002,3.1157166964976284,worst_obstruction
Q3-012,交接,1005.2264514558015,1025.2264514558015,R-002,3.1157166964976284,worst_obstruction
Q3-012,交接,1025.2264514558015,1045.2264514558015,R-002,3.1157166964976284,worst_obstruction
Q3-012,交接,1045.2264514558015,1065.2264514558015,R-002,3.1157166964976284,worst_obstruction
Q3-012,交接,1065.2264514558015,1085.2264514558015,R-002,3.1157166964976284,worst_obstruction
Q3-012,爬升,1085.2264514558015,1099.23254072989,R-002,3.1157166964976284,worst_obstruction
Q3-012,爬升,1099.23254072989,1113.2386300039784,R-002,3.1157166964976284,worst_obstruction
Q3-012,巡航,1113.2386300039784,1133.1740253362584,R-002,3.1157166964976284,worst_obstruction
Q3-012,巡航,1133.1740253362584,1153.1094206685382,R-002,3.1157166964976284,worst_obstruction
Q3-012,巡航,1153.1094206685382,1173.0448160008182,R-002,3.1157166964976284,worst_obstruction
Q3-012,巡航,1173.0448160008182,1192.980211333098,direct,0.1287434730098287,worst_obstruction
Q3-012,巡航,1192.980211333098,1212.915606665378,direct,0.8198534083013698,worst_obstruction
Q3-012,巡航,1212.915606665378,1232.851001997658,direct,1.570326462168481,worst_obstruction
Q3-012,巡航,1232.851001997658,1252.7863973299377,direct,2.391230409670289,worst_obstruction
Q3-012,巡航,1252.7863973299377,1272.7217926622177,direct,3.2970119463072614,worst_obstruction
Q3-012,巡航,1272.7217926622177,1292.6571879944977,direct,4.307007079763178,worst_obstruction
Q3-012,巡航,1292.6571879944977,1312.5925833267775,direct,5.447883018447914,worst_obstruction
Q3-012,巡航,1312.5925833267775,1332.5279786590575,direct,6.7577735956516705,worst_obstruction
Q3-012,巡航,1332.5279786590575,1352.4633739913374,direct,8.293665229546484,worst_obstruction
Q3-012,巡航,1352.4633739913374,1372.3987693236172,direct,10.145357839432624,worst_obstruction
Q3-012,巡航,1372.3987693236172,1392.3341646558972,direct,12.462937809726128,worst_obstruction
Q3-012,巡航,1392.3341646558972,1412.2695599881772,direct,15.505225579811551,worst_obstruction
Q3-012,巡航,1412.2695599881772,1432.204955320457,direct,19.582074037250457,worst_obstruction
Q3-012,下降,1432.204955320457,1449.8013287858587,direct,22.759839664518097,worst_obstruction
Q3-012,下降,1449.8013287858587,1467.3977022512606,direct,24.19991531057869,worst_obstruction
Q3-012,下降,1467.3977022512606,1484.9940757166623,direct,25.927144205592143,worst_obstruction
Q3-012,下降,1484.9940757166623,1502.590449182064,direct,28.08530264362892,worst_obstruction
Q3-012,下降,1502.590449182064,1520.1868226474658,direct,30.963524322055974,worst_obstruction
Q3-012,下降,1520.1868226474658,1537.7831961128677,direct,35.29791337339606,worst_obstruction
Q3-012,下降,1537.7831961128677,1555.3795695782694,direct,44.3448321680473,worst_obstruction
Q3-013,爬升,4177.981473465394,4197.852562332581,direct,42.4971638696419,worst_obstruction
Q3-013,爬升,4197.852562332581,4217.723651199769,direct,33.95424061100921,worst_obstruction
Q3-013,爬升,4217.723651199769,4237.594740066957,direct,29.73174806392614,worst_obstruction
Q3-013,爬升,4237.594740066957,4257.465828934144,direct,26.902754877149746,worst_obstruction
Q3-013,巡航,4257.465828934144,4277.02363239829,direct,21.226903736815395,worst_obstruction
Q3-013,巡航,4277.02363239829,4296.581435862435,direct,16.191668819776467,worst_obstruction
Q3-013,巡航,4296.581435862435,4316.1392393265805,direct,12.879664963486558,worst_obstruction
Q3-013,巡航,4316.1392393265805,4335.697042790726,direct,10.45678920943525,worst_obstruction
Q3-013,巡航,4335.697042790726,4355.254846254871,direct,8.554172835742165,worst_obstruction
Q3-013,巡航,4355.254846254871,4374.812649719017,direct,6.98999977733402,worst_obstruction
Q3-013,巡航,4374.812649719017,4394.370453183163,direct,5.662834599406025,worst_obstruction
Q3-013,巡航,4394.370453183163,4413.9282566473075,direct,4.510651916463473,worst_obstruction
Q3-013,巡航,4413.9282566473075,4433.486060111453,direct,3.4928579937437974,worst_obstruction
Q3-013,巡航,4433.486060111453,4453.043863575599,direct,2.581471700028791,worst_obstruction
Q3-013,巡航,4453.043863575599,4472.601667039744,direct,1.7564043533798817,worst_obstruction
Q3-013,巡航,4472.601667039744,4492.15947050389,direct,1.002753289665776,worst_obstruction
Q3-013,巡航,4492.15947050389,4511.717273968035,direct,0.30916158495836044,worst_obstruction
Q3-013,巡航,4511.717273968035,4515.138246543308,direct,0.19332248306976396,worst_obstruction
Q3-013,巡航,4515.138246543308,4531.27507743218,R-001,8.084420929623771,swept_triangle_clear
Q3-013,巡航,4531.27507743218,4550.832880896326,R-001,8.122067275098972,swept_triangle_clear
Q3-013,巡航,4550.832880896326,4570.390684360472,R-001,7.998032521993421,swept_triangle_clear
Q3-013,巡航,4570.390684360472,4589.948487824617,R-001,7.762350028600784,swept_triangle_clear
Q3-013,巡航,4589.948487824617,4609.506291288762,R-001,7.432238011047945,swept_triangle_clear
Q3-013,下降,4609.506291288762,4625.932652372747,R-001,7.4564177449821685,swept_triangle_clear
Q3-013,下降,4625.932652372747,4642.359013456731,R-001,7.437188846593074,swept_triangle_clear
Q3-013,下降,4642.359013456731,4658.785374540716,R-001,7.416729128402599,swept_triangle_clear
Q3-013,下降,4658.785374540716,4675.2117356247,R-001,7.395056311671828,swept_triangle_clear
Q3-013,交接,4675.2117356247,4695.0117356247,R-001,7.395056311671828,swept_triangle_clear
Q3-013,交接,4695.0117356247,4714.8117356247,R-001,7.395056311671828,swept_triangle_clear
Q3-013,交接,4714.8117356247,4734.6117356247,R-001,7.395056311671828,swept_triangle_clear
Q3-013,交接,4734.6117356247,4754.4117356247,R-001,7.395056311671828,swept_triangle_clear
Q3-013,交接,4754.4117356247,4774.2117356247,R-001,7.395056311671828,swept_triangle_clear
Q3-013,交接,4774.2117356247,4794.0117356247,R-001,7.395056311671828,swept_triangle_clear
Q3-013,交接,4794.0117356247,4813.8117356247,R-001,7.395056311671828,swept_triangle_clear
Q3-013,交接,4813.8117356247,4833.6117356247,R-001,7.395056311671828,swept_triangle_clear
Q3-013,交接,4833.6117356247,4853.4117356247,R-001,7.395056311671828,swept_triangle_clear
Q3-013,交接,4853.4117356247,4873.2117356247,R-001,7.395056311671828,swept_triangle_clear
Q3-013,交接,4873.2117356247,4893.0117356247,R-001,7.395056311671828,swept_triangle_clear
Q3-013,交接,4893.0117356247,4912.8117356247,R-001,7.395056311671828,swept_triangle_clear
Q3-013,交接,4912.8117356247,4932.6117356247,R-001,7.395056311671828,swept_triangle_clear
Q3-013,交接,4932.6117356247,4952.4117356247,R-001,7.395056311671828,swept_triangle_clear
Q3-013,交接,4952.4117356247,4972.2117356247,R-001,7.395056311671828,swept_triangle_clear
Q3-013,交接,4972.2117356247,4992.0117356247,R-001,7.395056311671828,swept_triangle_clear
Q3-013,交接,4992.0117356247,5011.8117356247,R-001,7.395056311671828,swept_triangle_clear
Q3-013,交接,5011.8117356247,5031.6117356247,R-001,7.395056311671828,swept_triangle_clear
Q3-013,交接,5031.6117356247,5051.4117356247,R-001,7.395056311671828,swept_triangle_clear
Q3-013,交接,5051.4117356247,5071.2117356247,R-001,7.395056311671828,swept_triangle_clear
Q3-013,爬升,5071.2117356247,5088.390452665715,R-001,7.395056311671828,swept_triangle_clear
Q3-013,爬升,5088.390452665715,5105.569169706731,R-001,7.423145363043897,swept_triangle_clear
Q3-013,爬升,5105.569169706731,5122.7478867477475,R-001,7.449151965316659,swept_triangle_clear
Q3-013,爬升,5122.7478867477475,5139.926603788763,R-001,7.473037438490675,swept_triangle_clear
Q3-013,巡航,5139.926603788763,5158.351879213959,R-001,7.13914023638244,swept_triangle_clear
Q3-013,巡航,5158.351879213959,5176.777154639157,R-001,7.1118685095192955,swept_triangle_clear
Q3-013,巡航,5176.777154639157,5195.202430064353,R-001,6.999352551438703,swept_triangle_clear
Q3-013,巡航,5195.202430064353,5213.627705489551,R-001,6.8079816694655,swept_triangle_clear
Q3-013,巡航,5213.627705489551,5232.052980914747,R-001,6.5477864560041485,swept_triangle_clear
Q3-013,巡航,5232.052980914747,5250.478256339945,R-001,6.230858269657659,swept_triangle_clear
Q3-013,巡航,5250.478256339945,5268.903531765141,R-001,5.869792536998817,swept_triangle_clear
Q3-013,巡航,5268.903531765141,5287.328807190339,R-001,5.47648269722834,swept_triangle_clear
Q3-013,巡航,5287.328807190339,5305.7540826155355,R-001,5.0613828139155785,swept_triangle_clear
Q3-013,巡航,5305.7540826155355,5324.179358040733,R-001,4.633193681894472,swept_triangle_clear
Q3-013,巡航,5324.179358040733,5342.6046334659295,R-001,4.198851527723164,swept_triangle_clear
Q3-013,下降,5342.6046334659295,5358.585828534289,R-001,4.2615860977362985,swept_triangle_clear
Q3-013,下降,5358.585828534289,5374.567023602648,R-001,4.253394948332048,swept_triangle_clear
Q3-013,下降,5374.567023602648,5390.548218671008,R-001,4.244619417981575,swept_triangle_clear
Q3-013,交接,5390.548218671008,5410.184582307372,R-001,4.244619417981575,swept_triangle_clear
Q3-013,交接,5410.184582307372,5429.820945943735,R-001,4.244619417981575,swept_triangle_clear
Q3-013,交接,5429.820945943735,5449.457309580099,R-001,4.244619417981575,swept_triangle_clear
Q3-013,交接,5449.457309580099,5469.093673216463,R-001,4.244619417981575,swept_triangle_clear
Q3-013,交接,5469.093673216463,5488.730036852826,R-001,4.244619417981575,swept_triangle_clear
Q3-013,交接,5488.730036852826,5508.36640048919,R-001,4.244619417981575,swept_triangle_clear
Q3-013,交接,5508.36640048919,5528.002764125553,R-001,4.244619417981575,swept_triangle_clear
Q3-013,交接,5528.002764125553,5547.639127761917,R-001,4.244619417981575,swept_triangle_clear
Q3-013,交接,5547.639127761917,5567.275491398281,R-001,4.244619417981575,swept_triangle_clear
Q3-013,交接,5567.275491398281,5586.911855034644,R-001,4.244619417981575,swept_triangle_clear
Q3-013,交接,5586.911855034644,5606.548218671008,R-001,4.244619417981575,swept_triangle_clear
Q3-013,爬升,5606.548218671008,5620.149462974393,R-001,4.244619417981575,swept_triangle_clear
Q3-013,爬升,5620.149462974393,5633.750707277779,R-001,4.253935434365481,swept_triangle_clear
Q3-013,爬升,5633.750707277779,5647.351951581164,R-001,4.262589818457368,swept_triangle_clear
Q3-013,巡航,5647.351951581164,5667.30018157579,R-001,4.238600746638337,swept_triangle_clear
Q3-013,巡航,5667.30018157579,5687.248411570415,R-001,4.860132119051048,swept_triangle_clear
Q3-013,巡航,5687.248411570415,5707.19664156504,R-001,5.5147105906191705,swept_triangle_clear
Q3-013,巡航,5707.19664156504,5727.144871559666,R-001,6.202463275701028,swept_triangle_clear
Q3-013,巡航,5727.144871559666,5747.093101554292,R-001,6.921533389396078,swept_triangle_clear
Q3-013,巡航,5747.093101554292,5767.041331548917,R-001,7.666603499813448,swept_triangle_clear
Q3-013,巡航,5767.041331548917,5786.989561543543,R-001,8.42659993644866,swept_triangle_clear
Q3-013,巡航,5786.989561543543,5806.937791538168,R-001,9.181412033337374,swept_triangle_clear
Q3-013,巡航,5806.937791538168,5826.886021532793,R-001,9.897951562305074,swept_triangle_clear
Q3-013,巡航,5826.886021532793,5846.834251527419,R-003,1.8199368912016247,swept_triangle_clear
Q3-013,巡航,5846.834251527419,5866.782481522045,R-003,1.8559176962791657,swept_triangle_clear
Q3-013,巡航,5866.782481522045,5886.7307115166695,R-003,1.8617302525572335,swept_triangle_clear
Q3-013,巡航,5886.7307115166695,5906.678941511295,R-003,1.8372535331804443,swept_triangle_clear
Q3-013,巡航,5906.678941511295,5926.627171505921,direct,9.49072378711663,swept_triangle_clear
Q3-013,巡航,5926.627171505921,5929.0262598995705,direct,0.1324192089175149,worst_obstruction
Q3-013,巡航,5929.0262598995705,5946.575401500547,direct,0.21287225771387241,worst_obstruction
Q3-013,巡航,5946.575401500547,5966.523631495172,direct,0.825136273348205,worst_obstruction
Q3-013,巡航,5966.523631495172,5986.471861489797,direct,1.577670919705083,worst_obstruction
Q3-013,巡航,5986.471861489797,6006.420091484423,direct,2.4012738656321044,worst_obstruction
Q3-013,巡航,6006.420091484423,6026.368321479048,direct,3.3106862104566375,worst_obstruction
Q3-013,巡航,6026.368321479048,6046.316551473674,direct,4.325729429036761,worst_obstruction
Q3-013,巡航,6046.316551473674,6066.2647814683,direct,5.473916957374829,worst_obstruction
Q3-013,巡航,6066.2647814683,6086.213011462925,direct,6.794963545102256,worst_obstruction
Q3-013,巡航,6086.213011462925,6106.16124145755,direct,8.349083376398383,worst_obstruction
Q3-013,巡航,6106.16124145755,6126.109471452176,direct,10.233488621208345,worst_obstruction
Q3-013,巡航,6126.109471452176,6146.057701446802,direct,12.6182691033322,worst_obstruction
Q3-013,巡航,6146.057701446802,6166.005931441427,direct,15.829979555284972,worst_obstruction
Q3-013,巡航,6166.005931441427,6185.954161436052,direct,20.476571270791624,worst_obstruction
Q3-013,下降,6185.954161436052,6203.4691137414375,direct,24.894047506859245,worst_obstruction
Q3-013,下降,6203.4691137414375,6220.984066046823,direct,26.362504444229195,worst_obstruction
Q3-013,下降,6220.984066046823,6238.499018352208,direct,28.130766268672545,worst_obstruction
Q3-013,下降,6238.499018352208,6256.013970657592,direct,30.35349628569326,worst_obstruction
Q3-013,下降,6256.013970657592,6273.528922962977,direct,33.34823390435092,worst_obstruction
Q3-013,下降,6273.528922962977,6291.043875268362,direct,37.95599136227746,worst_obstruction
Q3-013,下降,6291.043875268362,6308.558827573747,direct,45.92517525248826,worst_obstruction
Q3-014,爬升,360.0,378.09878824869793,direct,41.2408133797113,worst_obstruction
Q3-014,爬升,378.09878824869793,396.19757649739586,direct,32.99781352057414,worst_obstruction
Q3-014,爬升,396.19757649739586,414.29636474609373,direct,28.845793500078116,worst_obstruction
Q3-014,爬升,414.29636474609373,432.39515299479166,direct,26.048277452212474,worst_obstruction
Q3-014,爬升,432.39515299479166,450.4939412434896,direct,23.935643142447674,worst_obstruction
Q3-014,巡航,450.4939412434896,469.7369667352072,direct,21.279835474483043,worst_obstruction
Q3-014,巡航,469.7369667352072,488.9799922269249,direct,17.527926336957414,worst_obstruction
Q3-014,巡航,488.9799922269249,508.2230177186425,direct,14.59620220557347,worst_obstruction
Q3-014,巡航,508.2230177186425,527.4660432103601,direct,12.324500746930902,worst_obstruction
Q3-014,巡航,527.4660432103601,546.7090687020777,direct,10.49557501226457,worst_obstruction
Q3-014,巡航,546.7090687020777,565.9520941937953,direct,8.97249317152728,worst_obstruction
Q3-014,巡航,565.9520941937953,585.1951196855131,direct,7.670484788994713,worst_obstruction
Q3-014,巡航,585.1951196855131,604.4381451772307,direct,6.534790942688694,worst_obstruction
Q3-014,巡航,604.4381451772307,623.5953563127749,direct,5.532622757253172,worst_obstruction
Q3-014,巡航,623.5953563127749,623.6811706689483,direct,5.528404771341943,worst_obstruction
Q3-014,巡航,623.6811706689483,642.9241961606659,direct,4.625178591377363,worst_obstruction
Q3-014,巡航,642.9241961606659,662.1672216523835,direct,3.806193046480816,worst_obstruction
Q3-014,巡航,662.1672216523835,681.4102471441013,direct,3.057184899070048,worst_obstruction
Q3-014,巡航,681.4102471441013,691.9805605295597,direct,2.6714793052710597,worst_obstruction
Q3-014,巡航,691.9805605295597,700.6532726358189,direct,2.36723264523936,worst_obstruction
Q3-014,巡航,700.6532726358189,719.8962981275365,direct,1.7277213282639075,worst_obstruction
Q3-014,巡航,719.8962981275365,739.1393236192541,direct,1.1318498737669298,worst_obstruction
Q3-014,巡航,739.1393236192541,758.3823491109717,direct,0.5740588478065582,worst_obstruction
Q3-014,巡航,758.3823491109717,777.6253746026894,direct,0.049792561226809084,worst_obstruction
Q3-014,巡航,777.6253746026894,796.868400094407,R-002,3.1157166964976284,swept_triangle_clear
Q3-014,巡航,796.868400094407,816.1114255861246,R-002,3.1157166964976284,swept_triangle_clear
Q3-014,巡航,816.1114255861246,835.3544510778423,R-002,3.1157166964976284,swept_triangle_clear
Q3-014,巡航,835.3544510778423,854.5974765695598,R-002,3.1157166964976284,swept_triangle_clear
Q3-014,下降,854.59747656956,873.5902060617475,R-002,3.1157166964976284,swept_triangle_clear
Q3-014,交接,873.5902060617475,892.6811151526566,R-002,3.1157166964976284,swept_triangle_clear
Q3-014,交接,892.6811151526566,911.7720242435656,R-002,3.1157166964976284,swept_triangle_clear
Q3-014,交接,911.7720242435656,930.8629333344747,R-002,3.1157166964976284,swept_triangle_clear
Q3-014,交接,930.8629333344747,949.9538424253839,R-002,3.1157166964976284,swept_triangle_clear
Q3-014,交接,949.9538424253839,969.044751516293,R-002,3.1157166964976284,swept_triangle_clear
Q3-014,交接,969.044751516293,988.135660607202,R-002,3.1157166964976284,swept_triangle_clear
Q3-014,交接,988.135660607202,1007.2265696981111,R-002,3.1157166964976284,swept_triangle_clear
Q3-014,交接,1007.2265696981111,1026.3174787890202,R-002,3.1157166964976284,swept_triangle_clear
Q3-014,交接,1026.3174787890202,1045.4083878799293,R-002,3.1157166964976284,swept_triangle_clear
Q3-014,交接,1045.4083878799293,1064.4992969708385,R-002,3.1157166964976284,swept_triangle_clear
Q3-014,交接,1064.4992969708385,1083.5902060617475,R-002,3.1157166964976284,swept_triangle_clear
Q3-014,爬升,1083.5902060617475,1099.4174806385704,R-002,3.1157166964976284,swept_triangle_clear
Q3-014,巡航,1099.4174806385704,1118.660506130288,R-002,3.1157166964976284,swept_triangle_clear
Q3-014,巡航,1118.660506130288,1137.9035316220056,R-002,3.1157166964976284,swept_triangle_clear
Q3-014,巡航,1137.9035316220056,1157.1465571137232,R-002,3.1157166964976284,swept_triangle_clear
Q3-014,巡航,1157.1465571137232,1176.3895826054409,R-002,3.1157166964976284,swept_triangle_clear
Q3-014,巡航,1176.3895826054409,1195.6326080971585,direct,0.049792561226809084,worst_obstruction
Q3-014,巡航,1195.6326080971585,1214.8756335888763,direct,0.5740588478065582,worst_obstruction
Q3-014,巡航,1214.8756335888763,1234.118659080594,direct,1.1318498737669298,worst_obstruction
Q3-014,巡航,1234.118659080594,1253.3616845723116,direct,1.7277213282639075,worst_obstruction
Q3-014,巡航,1253.3616845723116,1272.6047100640292,direct,2.367218860799859,worst_obstruction
Q3-014,巡航,1272.6047100640292,1291.8477355557468,direct,3.057184899070048,worst_obstruction
Q3-014,巡航,1291.8477355557468,1311.0907610474644,direct,3.806193046480816,worst_obstruction
Q3-014,巡航,1311.0907610474644,1330.333786539182,direct,4.625178591377363,worst_obstruction
Q3-014,巡航,1330.333786539182,1349.5768120308996,direct,5.528379978936423,worst_obstruction
Q3-014,巡航,1349.5768120308996,1368.8198375226173,direct,6.534790942688694,worst_obstruction
Q3-014,巡航,1368.8198375226173,1388.062863014335,direct,7.670484788994713,worst_obstruction
Q3-014,巡航,1388.062863014335,1407.3058885060527,direct,8.97249317152728,worst_obstruction
Q3-014,巡航,1407.3058885060527,1426.5489139977703,direct,10.49557501226457,worst_obstruction
Q3-014,巡航,1426.5489139977703,1445.791939489488,direct,12.324500746930902,worst_obstruction
Q3-014,巡航,1445.791939489488,1465.0349649812056,direct,14.59620220557347,worst_obstruction
Q3-014,巡航,1465.0349649812056,1484.2779904729232,direct,17.527926336957414,worst_obstruction
Q3-014,巡航,1484.2779904729232,1503.5210159646408,direct,21.279835474483043,worst_obstruction
Q3-014,下降,1503.5210159646408,1521.6198042133387,direct,23.935643142447674,worst_obstruction
Q3-014,下降,1521.6198042133387,1539.7185924620367,direct,25.658533931909105,worst_obstruction
Q3-014,下降,1539.7185924620367,1557.8173807107346,direct,27.8099114050179,worst_obstruction
Q3-014,下降,1557.8173807107346,1575.9161689594325,direct,30.67603717313169,worst_obstruction
Q3-014,下降,1575.9161689594325,1594.0149572081305,direct,34.982739321710746,worst_obstruction
Q3-014,下降,1594.0149572081305,1612.1137454568284,direct,43.9015896720711,worst_obstruction
Q3-015,爬升,2469.0901035899933,2488.956590202949,direct,39.99198992735836,worst_obstruction
Q3-015,爬升,2488.956590202949,2508.8230768159046,direct,32.01563631553788,worst_obstruction
Q3-015,爬升,2508.8230768159046,2528.6895634288608,direct,27.928853840040624,worst_obstruction
Q3-015,爬升,2528.6895634288608,2548.5560500418164,direct,25.16080841557533,worst_obstruction
Q3-015,巡航,2548.5560500418164,2567.52157494903,direct,21.967856103815357,worst_obstruction
Q3-015,巡航,2567.52157494903,2586.4870998562433,direct,17.882440247617964,worst_obstruction
Q3-015,巡航,2586.4870998562433,2605.4526247634567,direct,14.83736776285765,worst_obstruction
Q3-015,巡航,2605.4526247634567,2624.4181496706697,direct,12.518639863070284,worst_obstruction
Q3-015,巡航,2624.4181496706697,2643.383674577883,direct,10.666370760065927,worst_obstruction
Q3-015,巡航,2643.383674577883,2662.3491994850965,direct,9.130146287700825,worst_obstruction
Q3-015,巡航,2662.3491994850965,2681.31472439231,direct,7.82004280332022,worst_obstruction
Q3-015,巡航,2681.31472439231,2700.2802492995233,direct,6.679019470164832,worst_obstruction
Q3-015,巡航,2700.2802492995233,2719.2457742067368,direct,5.6689156385717645,worst_obstruction
Q3-015,巡航,2719.2457742067368,2738.21129911395,direct,4.763049688020342,worst_obstruction
Q3-015,巡航,2738.21129911395,2757.176824021163,direct,3.9420773194080176,worst_obstruction
Q3-015,巡航,2757.176824021163,2776.1423489283766,direct,3.1915467985065114,worst_obstruction
Q3-015,巡航,2776.1423489283766,2795.10787383559,direct,2.500387147389308,worst_obstruction
Q3-015,巡航,2795.10787383559,2814.0733987428034,direct,1.859935157429506,worst_obstruction
Q3-015,下降,2814.0733987428034,2824.332966613897,direct,1.8599351574532097,worst_obstruction
Q3-015,下降,2824.332966613897,2834.592534484991,direct,1.8644276862153841,worst_obstruction
Q3-015,交接,2834.592534484991,2853.6834435759,direct,1.8683635097689297,worst_obstruction
Q3-015,交接,2853.6834435759,2872.774352666809,direct,1.8683635097689297,worst_obstruction
Q3-015,交接,2872.774352666809,2891.8652617577186,direct,1.8683635097689297,worst_obstruction
Q3-015,交接,2891.8652617577186,2910.9561708486276,direct,1.8683635097689297,worst_obstruction
Q3-015,交接,2910.9561708486276,2930.0470799395366,direct,1.8683635097689297,worst_obstruction
Q3-015,交接,2930.0470799395366,2949.1379890304456,direct,1.8683635097689297,worst_obstruction
Q3-015,交接,2949.1379890304456,2968.2288981213546,direct,1.8683635097689297,worst_obstruction
Q3-015,交接,2968.2288981213546,2987.3198072122636,direct,1.8683635097689297,worst_obstruction
Q3-015,交接,2987.3198072122636,3006.410716303173,direct,1.8683635097689297,worst_obstruction
Q3-015,交接,3006.410716303173,3025.501625394082,direct,1.8683635097689297,worst_obstruction
Q3-015,交接,3025.501625394082,3044.592534484991,direct,1.8683635097689297,worst_obstruction
Q3-015,爬升,3044.592534484991,3061.6918142701475,direct,1.8599351574532097,worst_obstruction
Q3-015,巡航,3061.6918142701475,3080.657339177361,direct,1.859935157429506,worst_obstruction
Q3-015,巡航,3080.657339177361,3099.6228640845743,direct,2.500387147389308,worst_obstruction
Q3-015,巡航,3099.6228640845743,3118.5883889917877,direct,3.1915467985065114,worst_obstruction
Q3-015,巡航,3118.5883889917877,3137.5539138990007,direct,3.9420773194080176,worst_obstruction
Q3-015,巡航,3137.5539138990007,3156.519438806214,direct,4.763049688020342,worst_obstruction
Q3-015,巡航,3156.519438806214,3175.4849637134275,direct,5.6689156385717645,worst_obstruction
Q3-015,巡航,3175.4849637134275,3194.450488620641,direct,6.679019470164832,worst_obstruction
Q3-015,巡航,3194.450488620641,3213.4160135278544,direct,7.82004280332022,worst_obstruction
Q3-015,巡航,3213.4160135278544,3232.381538435068,direct,9.130146287700825,worst_obstruction
Q3-015,巡航,3232.381538435068,3251.347063342281,direct,10.666370760065927,worst_obstruction
Q3-015,巡航,3251.347063342281,3270.312588249494,direct,12.518639863070284,worst_obstruction
Q3-015,巡航,3270.312588249494,3289.2781131567076,direct,14.83736776285765,worst_obstruction
Q3-015,巡航,3289.2781131567076,3308.243638063921,direct,17.882440247617964,worst_obstruction
Q3-015,巡航,3308.243638063921,3327.2091629711344,direct,21.967856103815357,worst_obstruction
Q3-015,下降,3327.2091629711344,3346.280990119572,direct,25.16080841557533,worst_obstruction
Q3-015,下降,3346.280990119572,3365.3528172680094,direct,27.300175067997635,worst_obstruction
Q3-015,下降,3365.3528172680094,3384.424644416447,direct,30.14494023426778,worst_obstruction
Q3-015,下降,3384.424644416447,3403.4964715648844,direct,34.40305698380587,worst_obstruction
Q3-015,下降,3403.4964715648844,3422.568298713322,direct,43.1025890517096,worst_obstruction
Q3-016,爬升,4918.354532968872,4936.858668609335,direct,40.93817299698007,worst_obstruction
Q3-016,爬升,4936.858668609335,4955.362804249797,direct,32.76257917737008,worst_obstruction
Q3-016,爬升,4955.362804249797,4973.866939890258,direct,28.626816157375643,worst_obstruction
Q3-016,爬升,4973.866939890258,4992.371075530721,direct,25.83661407556564,worst_obstruction
Q3-016,爬升,4992.371075530721,5010.875211171184,direct,23.728138223056895,worst_obstruction
Q3-016,爬升,5010.875211171184,5029.3793468116455,direct,22.03282287483397,worst_obstruction
Q3-016,爬升,5029.3793468116455,5047.883482452107,direct,20.614978463875573,worst_obstruction
Q3-016,爬升,5047.883482452107,5066.38761809257,direct,19.39642496715181,worst_obstruction
Q3-016,巡航,5066.38761809257,5085.465024641172,direct,17.7667627446648,worst_obstruction
Q3-016,巡航,5085.465024641172,5104.542431189774,direct,14.891820642483776,worst_obstruction
Q3-016,巡航,5104.542431189774,5123.619837738377,direct,12.322372657117693,worst_obstruction
Q3-016,巡航,5123.619837738377,5142.697244286979,direct,10.213289144818614,worst_obstruction
Q3-016,巡航,5142.697244286979,5161.774650835581,direct,8.468035883483047,worst_obstruction
Q3-016,巡航,5161.774650835581,5180.852057384183,direct,6.992940672434937,worst_obstruction
Q3-016,巡航,5180.852057384183,5199.929463932785,direct,5.720790112485766,worst_obstruction
Q3-016,巡航,5199.929463932785,5219.006870481388,direct,4.604862430953553,worst_obstruction
Q3-016,巡航,5219.006870481388,5238.0842770299905,direct,3.6121840504186107,worst_obstruction
Q3-016,巡航,5238.0842770299905,5257.161683578593,direct,2.7188975690839037,worst_obstruction
Q3-016,巡航,5257.161683578593,5276.239090127195,direct,1.9072981120302686,worst_obstruction
Q3-016,巡航,5276.239090127195,5295.316496675797,direct,1.1639366386280656,worst_obstruction
Q3-016,巡航,5295.316496675797,5314.393903224399,direct,0.4783825630199612,worst_obstruction
Q3-016,巡航,5314.393903224399,5333.471309773002,R-001,3.4080602584586064,worst_obstruction
Q3-016,巡航,5333.471309773002,5352.548716321604,R-001,4.8577369964018935,worst_obstruction
Q3-016,巡航,5352.548716321604,5371.626122870206,R-001,6.085303129055873,worst_obstruction
Q3-016,巡航,5371.626122870206,5390.703529418808,R-001,6.829837129989457,worst_obstruction
Q3-016,巡航,5390.703529418808,5409.78093596741,R-001,6.770663178812992,worst_obstruction
Q3-016,巡航,5409.78093596741,5428.858342516013,R-001,5.937289976973856,worst_obstruction
Q3-016,巡航,5428.858342516013,5447.935749064615,R-001,4.551574066461534,worst_obstruction
Q3-016,巡航,5447.935749064615,5467.013155613217,R-001,2.9917899445247684,worst_obstruction
Q3-016,下降,5467.013155613217,5486.473006687436,R-001,2.9478483647863776,worst_obstruction
Q3-016,下降,5486.473006687436,5505.932857761655,R-001,2.894098639227792,worst_obstruction
Q3-016,交接,5505.932857761655,5525.932857761655,R-001,2.894098639227792,worst_obstruction
Q3-016,交接,5525.932857761655,5545.932857761655,R-001,2.894098639227792,worst_obstruction
Q3-016,交接,5545.932857761655,5565.932857761655,R-001,2.894098639227792,worst_obstruction
Q3-016,交接,5565.932857761655,5585.932857761655,R-001,2.894098639227792,worst_obstruction
Q3-016,交接,5585.932857761655,5605.932857761655,R-001,2.894098639227792,worst_obstruction
Q3-016,交接,5605.932857761655,5625.932857761655,R-001,2.894098639227792,worst_obstruction
Q3-016,交接,5625.932857761655,5645.932857761655,R-001,2.894098639227792,worst_obstruction
Q3-016,交接,5645.932857761655,5665.932857761655,R-001,2.894098639227792,worst_obstruction
Q3-016,交接,5665.932857761655,5685.932857761655,R-001,2.894098639227792,worst_obstruction
Q3-016,交接,5685.932857761655,5705.932857761655,R-001,2.894098639227792,worst_obstruction
Q3-016,交接,5705.932857761655,5725.932857761655,R-001,2.894098639227792,worst_obstruction
Q3-016,交接,5725.932857761655,5745.932857761655,R-001,2.894098639227792,worst_obstruction
Q3-016,爬升,5745.932857761655,5762.149400323504,R-001,2.894098639227792,worst_obstruction
Q3-016,爬升,5762.149400323504,5778.365942885353,R-001,2.947848364786376,worst_obstruction
Q3-016,巡航,5778.365942885353,5797.4433494339555,R-001,2.9917899445247684,worst_obstruction
Q3-016,巡航,5797.4433494339555,5816.520755982558,R-001,4.551574066461534,worst_obstruction
Q3-016,巡航,5816.520755982558,5835.598162531161,R-001,5.937289976973856,worst_obstruction
Q3-016,巡航,5835.598162531161,5854.675569079763,R-001,6.770663178812992,worst_obstruction
Q3-016,巡航,5854.675569079763,5873.752975628365,R-001,6.829837129989457,worst_obstruction
Q3-016,巡航,5873.752975628365,5892.830382176967,R-001,6.085303129055873,worst_obstruction
Q3-016,巡航,5892.830382176967,5911.907788725569,R-001,4.8577369964018935,worst_obstruction
Q3-016,巡航,5911.907788725569,5929.0262598995705,R-001,3.566049168077015,worst_obstruction
Q3-016,巡航,5929.0262598995705,5930.985195274172,direct,0.4109410082202736,worst_obstruction
Q3-016,巡航,5930.985195274172,5950.062601822774,direct,0.4783825630199612,worst_obstruction
Q3-016,巡航,5950.062601822774,5969.140008371376,direct,1.1639366386280656,worst_obstruction
Q3-016,巡航,5969.140008371376,5988.217414919978,direct,1.9072981120302686,worst_obstruction
Q3-016,巡航,5988.217414919978,6007.29482146858,direct,2.7188975690839037,worst_obstruction
Q3-016,巡航,6007.29482146858,6026.372228017182,direct,3.6121840504186107,worst_obstruction
Q3-016,巡航,6026.372228017182,6045.449634565785,direct,4.604862430953553,worst_obstruction
Q3-016,巡航,6045.449634565785,6064.527041114387,direct,5.720790112485766,worst_obstruction
Q3-016,巡航,6064.527041114387,6083.6044476629895,direct,6.992940672434937,worst_obstruction
Q3-016,巡航,6083.6044476629895,6102.681854211592,direct,8.468035883483047,worst_obstruction
Q3-016,巡航,6102.681854211592,6121.759260760194,direct,10.213289144818614,worst_obstruction
Q3-016,巡航,6121.759260760194,6140.836667308797,direct,12.322372657117693,worst_obstruction
Q3-016,巡航,6140.836667308797,6159.914073857399,direct,14.891820642483776,worst_obstruction
Q3-016,巡航,6159.914073857399,6178.991480406001,direct,17.7667627446648,worst_obstruction
Q3-016,下降,6178.991480406001,6198.7292250891605,direct,19.39642496715181,worst_obstruction
Q3-016,下降,6198.7292250891605,6218.46696977232,direct,20.470828911636648,worst_obstruction
Q3-016,下降,6218.46696977232,6238.20471445548,direct,21.69714306922441,worst_obstruction
Q3-016,下降,6238.20471445548,6257.94245913864,direct,23.125511355694883,worst_obstruction
Q3-016,下降,6257.94245913864,6277.680203821799,direct,24.83590922086259,worst_obstruction
Q3-016,下降,6277.680203821799,6297.417948504959,direct,26.96780717820426,worst_obstruction
Q3-016,下降,6297.417948504959,6317.155693188119,direct,29.799330955625557,worst_obstruction
Q3-016,下降,6317.155693188119,6336.893437871278,direct,34.027525171493224,worst_obstruction
Q3-016,下降,6336.893437871278,6356.631182554438,direct,42.595281820281926,worst_obstruction
Q3-017,爬升,2136.1690781764914,2155.4625954290955,direct,42.9303905993428,worst_obstruction
Q3-017,爬升,2155.4625954290955,2174.7561126817,direct,34.27622753204162,worst_obstruction
Q3-017,爬升,2174.7561126817,2194.049629934304,direct,30.028350015985325,worst_obstruction
Q3-017,爬升,2194.049629934304,2213.343147186908,direct,27.188108535629212,worst_obstruction
Q3-017,爬升,2213.343147186908,2229.6777204957098,direct,25.34677477451966,worst_obstruction
Q3-017,爬升,2229.6777204957098,2232.6366644395125,direct,25.051291428236475,worst_obstruction
Q3-017,爬升,2232.6366644395125,2251.9301816921165,direct,23.337734390683934,worst_obstruction
Q3-017,爬升,2251.9301816921165,2271.2236989447206,direct,21.9071657072909,worst_obstruction
Q3-017,爬升,2271.2236989447206,2290.517216197325,direct,20.67923096631549,worst_obstruction
Q3-017,爬升,2290.517216197325,2309.810733449929,direct,19.603583756332732,worst_obstruction
Q3-017,巡航,2309.810733449929,2329.1792118694243,direct,17.865015759308697,worst_obstruction
Q3-017,巡航,2329.1792118694243,2348.547690288919,direct,14.87719649038526,worst_obstruction
Q3-017,巡航,2348.547690288919,2367.9161687084143,direct,12.255059817989192,worst_obstruction
Q3-017,巡航,2367.9161687084143,2387.284647127909,direct,10.121084063980675,worst_obstruction
Q3-017,巡航,2387.284647127909,2406.653125547404,direct,8.362715038939925,worst_obstruction
Q3-017,巡航,2406.653125547404,2426.0216039668994,direct,6.8800033766531214,worst_obstruction
Q3-017,巡航,2426.0216039668994,2445.390082386394,direct,5.603079804893806,worst_obstruction
Q3-017,巡航,2445.390082386394,2464.7585608058894,direct,4.483978811024645,worst_obstruction
Q3-017,巡航,2464.7585608058894,2484.127039225384,direct,3.4890901166696953,worst_obstruction
Q3-017,巡航,2484.127039225384,2503.4955176448793,direct,2.594205505812649,worst_obstruction
Q3-017,巡航,2503.4955176448793,2522.8639960643745,direct,1.7814147844153858,worst_obstruction
Q3-017,巡航,2522.8639960643745,2542.2324744838693,direct,1.0371425939230505,worst_obstruction
Q3-017,巡航,2542.2324744838693,2561.6009529033645,direct,0.35087731865683125,worst_obstruction
Q3-017,巡航,2561.6009529033645,2580.9694313228592,R-001,8.026504177688743,swept_triangle_clear
Q3-017,巡航,2580.9694313228592,2600.3379097423544,R-001,8.083073867678273,swept_triangle_clear
Q3-017,巡航,2600.3379097423544,2619.7063881618496,R-001,8.020562368903445,swept_triangle_clear
Q3-017,巡航,2619.7063881618496,2639.0748665813444,R-001,7.843951581264653,swept_triangle_clear
Q3-017,巡航,2639.0748665813444,2658.4433450008396,R-001,7.5664652902888605,swept_triangle_clear
Q3-017,巡航,2658.4433450008396,2677.811823420335,R-001,7.206543735349223,swept_triangle_clear
Q3-017,巡航,2677.811823420335,2697.1803018398296,R-001,6.7843545677470996,swept_triangle_clear
Q3-017,巡航,2697.1803018398296,2716.5487802593243,R-001,6.318983648202924,swept_triangle_clear
Q3-017,巡航,2716.5487802593243,2735.9172586788195,R-001,5.826787342452301,swept_triangle_clear
Q3-017,巡航,2735.9172586788195,2755.2857370983147,R-001,5.320803777660643,swept_triangle_clear
Q3-017,巡航,2755.2857370983147,2774.6542155178095,R-001,4.8108641093168885,swept_triangle_clear
Q3-017,巡航,2774.6542155178095,2794.0226939373047,R-001,4.30404917390014,swept_triangle_clear
Q3-017,下降,2794.0226939373047,2812.631372119271,R-001,4.35631560345565,swept_triangle_clear
Q3-017,下降,2812.631372119271,2831.240050301237,R-001,4.3507571173735045,swept_triangle_clear
Q3-017,下降,2831.240050301237,2849.848728483203,R-001,4.344373576517251,swept_triangle_clear
Q3-017,下降,2849.848728483203,2868.4574066651694,R-001,4.337168624449086,swept_triangle_clear
Q3-017,下降,2868.4574066651694,2887.0660848471352,R-001,4.3291463585731815,swept_triangle_clear
Q3-017,下降,2887.0660848471352,2905.6747630291015,R-001,4.32031132244661,swept_triangle_clear
Q3-017,交接,2905.6747630291015,2925.311126665465,R-001,4.32031132244661,swept_triangle_clear
Q3-017,交接,2925.311126665465,2944.947490301829,R-001,4.32031132244661,swept_triangle_clear
Q3-017,交接,2944.947490301829,2964.5838539381925,R-001,4.32031132244661,swept_triangle_clear
Q3-017,交接,2964.5838539381925,2984.220217574556,R-001,4.32031132244661,swept_triangle_clear
Q3-017,交接,2984.220217574556,3003.8565812109196,R-001,4.32031132244661,swept_triangle_clear
Q3-017,交接,3003.8565812109196,3023.4929448472835,R-001,4.32031132244661,swept_triangle_clear
Q3-017,交接,3023.4929448472835,3043.129308483647,R-001,4.32031132244661,swept_triangle_clear
Q3-017,交接,3043.129308483647,3062.7656721200105,R-001,4.32031132244661,swept_triangle_clear
Q3-017,交接,3062.7656721200105,3082.402035756374,R-001,4.32031132244661,swept_triangle_clear
Q3-017,交接,3082.402035756374,3102.038399392738,R-001,4.32031132244661,swept_triangle_clear
Q3-017,交接,3102.038399392738,3121.6747630291015,R-001,4.32031132244661,swept_triangle_clear
Q3-017,交接,3121.6747630291015,3141.311126665465,R-001,4.32031132244661,swept_triangle_clear
Q3-017,交接,3141.311126665465,3160.947490301829,R-001,4.32031132244661,swept_triangle_clear
Q3-017,交接,3160.947490301829,3180.5838539381925,R-001,4.32031132244661,swept_triangle_clear
Q3-017,交接,3180.5838539381925,3200.220217574556,R-001,4.32031132244661,swept_triangle_clear
Q3-017,交接,3200.220217574556,3219.8565812109196,R-001,4.32031132244661,swept_triangle_clear
Q3-017,交接,3219.8565812109196,3239.4929448472835,R-001,4.32031132244661,swept_triangle_clear
Q3-017,交接,3239.4929448472835,3259.129308483647,R-001,4.32031132244661,swept_triangle_clear
Q3-017,交接,3259.129308483647,3278.7656721200105,R-001,4.32031132244661,swept_triangle_clear
Q3-017,交接,3278.7656721200105,3298.402035756374,R-001,4.32031132244661,swept_triangle_clear
Q3-017,交接,3298.402035756374,3318.038399392738,R-001,4.32031132244661,swept_triangle_clear
Q3-017,交接,3318.038399392738,3337.6747630291015,R-001,4.32031132244661,swept_triangle_clear
Q3-017,爬升,3337.6747630291015,3355.539094083789,R-001,4.32031132244661,swept_triangle_clear
Q3-017,爬升,3355.539094083789,3373.4034251384765,R-001,4.330815985120795,swept_triangle_clear
Q3-017,爬升,3373.4034251384765,3391.267756193164,R-001,4.340148922468126,swept_triangle_clear
Q3-017,爬升,3391.267756193164,3409.1320872478514,R-001,4.348302513814428,swept_triangle_clear
Q3-017,爬升,3409.1320872478514,3426.996418302539,R-001,4.355270070083188,swept_triangle_clear
Q3-017,巡航,3426.996418302539,3446.3648967220342,R-001,4.30404917390014,swept_triangle_clear
Q3-017,巡航,3446.3648967220342,3465.733375141529,R-001,4.8108641093168885,swept_triangle_clear
Q3-017,巡航,3465.733375141529,3485.101853561024,R-001,5.320803777660643,swept_triangle_clear
Q3-017,巡航,3485.101853561024,3504.470331980519,R-001,5.826787342452301,swept_triangle_clear
Q3-017,巡航,3504.470331980519,3523.838810400014,R-001,6.318983648202924,swept_triangle_clear
Q3-017,巡航,3523.838810400014,3543.2072888195094,R-001,6.7843545677470996,swept_triangle_clear
Q3-017,巡航,3543.2072888195094,3562.575767239004,R-001,7.206543735349223,swept_triangle_clear
Q3-017,巡航,3562.575767239004,3581.9442456584993,R-001,7.5664652902888605,swept_triangle_clear
Q3-017,巡航,3581.9442456584993,3601.312724077994,R-001,7.843951581264653,swept_triangle_clear
Q3-017,巡航,3601.312724077994,3620.6812024974893,R-001,8.020562368903445,swept_triangle_clear
Q3-017,巡航,3620.6812024974893,3640.0496809169845,R-001,8.083073867678273,swept_triangle_clear
Q3-017,巡航,3640.0496809169845,3659.418159336479,R-001,8.026504177688743,swept_triangle_clear
Q3-017,巡航,3659.418159336479,3678.7866377559744,direct,0.35087731865683125,worst_obstruction
Q3-017,巡航,3678.7866377559744,3698.155116175469,direct,1.0371425939230505,worst_obstruction
Q3-017,巡航,3698.155116175469,3717.5235945949644,direct,1.7814147844153858,worst_obstruction
Q3-017,巡航,3717.5235945949644,3736.8920730144596,direct,2.594205505812649,worst_obstruction
Q3-017,巡航,3736.8920730144596,3756.2605514339543,direct,3.4890901166696953,worst_obstruction
Q3-017,巡航,3756.2605514339543,3775.6290298534495,direct,4.483978811024645,worst_obstruction
Q3-017,巡航,3775.6290298534495,3794.9975082729443,direct,5.603079804893806,worst_obstruction
Q3-017,巡航,3794.9975082729443,3814.3659866924395,direct,6.8800033766531214,worst_obstruction
Q3-017,巡航,3814.3659866924395,3833.7344651119347,direct,8.362715038939925,worst_obstruction
Q3-017,巡航,3833.7344651119347,3853.1029435314294,direct,10.121084063980675,worst_obstruction
Q3-017,巡航,3853.1029435314294,3872.4714219509247,direct,12.255059817989192,worst_obstruction
Q3-017,巡航,3872.4714219509247,3891.8399003704194,direct,14.87719649038526,worst_obstruction
Q3-017,巡航,3891.8399003704194,3911.2083787899146,direct,17.865015759308697,worst_obstruction
Q3-017,下降,3911.2083787899146,3930.940385070987,direct,19.603583756332732,worst_obstruction
Q3-017,下降,3930.940385070987,3950.6723913520595,direct,20.47348935780113,worst_obstruction
Q3-017,下降,3950.6723913520595,3970.404397633132,direct,21.440313960408893,worst_obstruction
Q3-017,下降,3970.404397633132,3990.136403914204,direct,22.528393242602817,worst_obstruction
Q3-017,下降,3990.136403914204,4009.8684101952767,direct,23.772562496383983,worst_obstruction
Q3-017,下降,4009.8684101952767,4029.600416476349,direct,25.225227637195665,worst_obstruction
Q3-017,下降,4029.600416476349,4049.3324227574217,direct,26.970617636485393,worst_obstruction
Q3-017,下降,4049.3324227574217,4069.064429038494,direct,29.15725854084046,worst_obstruction
Q3-017,下降,4069.064429038494,4088.796435319566,direct,32.086576068839975,worst_obstruction
Q3-017,下降,4088.796435319566,4108.528441600639,direct,36.53933743227316,worst_obstruction
Q3-017,下降,4108.528441600639,4128.260447881711,direct,45.92517525248826,worst_obstruction
Q3-018,爬升,4136.800612605726,4151.905133784925,direct,43.87870941331403,worst_obstruction
Q3-018,爬升,4151.905133784925,4167.009654964125,direct,34.96634435258532,worst_obstruction
Q3-018,爬升,4167.009654964125,4182.114176143325,direct,30.661057506512805,worst_obstruction
Q3-018,爬升,4182.114176143325,4197.218697322523,direct,27.795551548655098,worst_obstruction
Q3-018,巡航,4197.218697322523,4217.141575101116,direct,22.746472477580042,worst_obstruction
Q3-018,巡航,4217.141575101116,4237.064452879709,direct,17.886460383109785,worst_obstruction
Q3-018,巡航,4237.064452879709,4256.987330658301,direct,14.618286375336005,worst_obstruction
Q3-018,巡航,4256.987330658301,4276.910208436894,direct,12.211914619462725,worst_obstruction
Q3-018,巡航,4276.910208436894,4296.833086215487,direct,10.317162997071861,worst_obstruction
Q3-018,巡航,4296.833086215487,4316.75596399408,direct,8.75732708111579,worst_obstruction
Q3-018,巡航,4316.75596399408,4336.678841772672,direct,7.43280185597974,worst_obstruction
Q3-018,巡航,4336.678841772672,4356.601719551265,direct,6.282344523778377,worst_obstruction
Q3-018,巡航,4356.601719551265,4376.524597329858,direct,5.265740442668669,worst_obstruction
Q3-018,巡航,4376.524597329858,4396.447475108451,direct,4.3552099494916,worst_obstruction
Q3-018,巡航,4396.447475108451,4416.370352887044,direct,3.5307793716918923,worst_obstruction
Q3-018,巡航,4416.370352887044,4436.293230665636,direct,2.7776155436074657,worst_obstruction
Q3-018,巡航,4436.293230665636,4456.216108444229,direct,2.084405531322764,worst_obstruction
Q3-018,巡航,4456.216108444229,4476.138986222822,direct,1.4423266994575776,worst_obstruction
Q3-018,巡航,4476.138986222822,4496.0618640014145,direct,0.8443670646589432,worst_obstruction
Q3-018,巡航,4496.0618640014145,4515.138246543308,direct,0.3079176716896814,worst_obstruction
Q3-018,巡航,4515.138246543308,4515.9847417800065,direct,0.2848712847803512,worst_obstruction
Q3-018,巡航,4515.9847417800065,4535.907619558599,R-003,6.009247318333404,swept_triangle_clear
Q3-018,巡航,4535.907619558599,4555.830497337192,R-003,6.619581399383151,swept_triangle_clear
Q3-018,巡航,4555.830497337192,4575.753375115785,R-003,7.262181555106354,swept_triangle_clear
Q3-018,巡航,4575.753375115785,4595.676252894378,R-003,7.937400184806588,swept_triangle_clear
Q3-018,巡航,4595.676252894378,4615.59913067297,R-003,8.643868909257295,swept_triangle_clear
Q3-018,巡航,4615.59913067297,4635.522008451563,R-003,9.302164597247184,swept_triangle_clear
Q3-018,巡航,4635.522008451563,4655.444886230156,R-001,2.258370658529012,swept_triangle_clear
Q3-018,巡航,4655.444886230156,4675.367764008749,R-001,2.0156773757667406,swept_triangle_clear
Q3-018,巡航,4675.367764008749,4695.290641787341,R-001,1.7668282260971857,swept_triangle_clear
Q3-018,巡航,4695.290641787341,4715.213519565934,R-003,2.239582394105634,worst_obstruction
Q3-018,巡航,4715.213519565934,4735.136397344527,R-003,2.557330109419251,worst_obstruction
Q3-018,巡航,4735.136397344527,4755.05927512312,R-003,2.6606750990539147,worst_obstruction
Q3-018,巡航,4755.05927512312,4774.982152901712,R-003,2.534108553853791,worst_obstruction
Q3-018,巡航,4774.982152901712,4794.905030680305,R-003,2.196517011001621,worst_obstruction
Q3-018,巡航,4794.905030680305,4814.827908458898,R-003,1.6927073443503247,worst_obstruction
Q3-018,下降,4814.827908458898,4832.718759288976,R-003,1.9685759874767346,worst_obstruction
Q3-018,下降,4832.718759288976,4850.609610119054,R-003,1.925506849620918,worst_obstruction
Q3-018,交接,4850.609610119054,4870.609610119054,R-003,1.925506849620918,worst_obstruction
Q3-018,交接,4870.609610119054,4890.609610119054,R-003,1.925506849620918,worst_obstruction
Q3-018,交接,4890.609610119054,4910.609610119054,R-003,1.925506849620918,worst_obstruction
Q3-018,交接,4910.609610119054,4930.609610119054,R-003,1.925506849620918,worst_obstruction
Q3-018,交接,4930.609610119054,4950.609610119054,R-003,1.925506849620918,worst_obstruction
Q3-018,交接,4950.609610119054,4970.609610119054,R-003,1.925506849620918,worst_obstruction
Q3-018,交接,4970.609610119054,4990.609610119054,R-003,1.925506849620918,worst_obstruction
Q3-018,交接,4990.609610119054,5010.609610119054,R-003,1.925506849620918,worst_obstruction
Q3-018,交接,5010.609610119054,5030.609610119054,R-003,1.925506849620918,worst_obstruction
Q3-018,爬升,5030.609610119054,5046.33279788354,R-003,1.925506849620918,worst_obstruction
Q3-018,爬升,5046.33279788354,5062.055985648025,R-003,1.9707398852580003,worst_obstruction
Q3-018,爬升,5062.055985648025,5077.779173412511,R-003,2.0086360552690437,worst_obstruction
Q3-018,爬升,5077.779173412511,5093.502361176997,R-003,2.038998011261995,worst_obstruction
Q3-018,巡航,5093.502361176997,5113.190024891445,R-003,2.0616498599380577,worst_obstruction
Q3-018,巡航,5113.190024891445,5132.877688605894,R-003,3.4010905953504196,worst_obstruction
Q3-018,巡航,5132.877688605894,5152.565352320343,R-003,4.94478683690798,worst_obstruction
Q3-018,巡航,5152.565352320343,5172.253016034791,R-003,6.737351082550429,worst_obstruction
Q3-018,巡航,5172.253016034791,5191.940679749239,R-003,8.792654614130026,worst_obstruction
Q3-018,巡航,5191.940679749239,5211.628343463688,R-003,9.302164597247184,worst_obstruction
Q3-018,巡航,5211.628343463688,5231.316007178137,R-003,9.302164597247184,worst_obstruction
Q3-018,巡航,5231.316007178137,5251.003670892585,R-003,9.302164597247184,worst_obstruction
Q3-018,巡航,5251.003670892585,5270.691334607034,R-003,7.858216433170913,worst_obstruction
Q3-018,巡航,5270.691334607034,5290.378998321482,R-003,6.041415026498395,worst_obstruction
Q3-018,巡航,5290.378998321482,5310.066662035931,R-003,4.345720982789494,worst_obstruction
Q3-018,巡航,5310.066662035931,5329.754325750379,R-003,2.882941299410115,worst_obstruction
Q3-018,巡航,5329.754325750379,5349.441989464828,R-003,1.6082904726893048,worst_obstruction
Q3-018,下降,5349.441989464828,5366.5590898880055,R-003,1.5900550245175857,worst_obstruction
Q3-018,下降,5366.5590898880055,5383.676190311182,R-003,1.5660897636388782,worst_obstruction
Q3-018,下降,5383.676190311182,5400.793290734359,R-003,1.5364894939862843,worst_obstruction
Q3-018,交接,5400.793290734359,5420.793290734359,R-003,1.5364894939862843,worst_obstruction
Q3-018,交接,5420.793290734359,5440.793290734359,R-003,1.5364894939862843,worst_obstruction
Q3-018,交接,5440.793290734359,5460.793290734359,R-003,1.5364894939862843,worst_obstruction
Q3-018,交接,5460.793290734359,5480.793290734359,R-003,1.5364894939862843,worst_obstruction
Q3-018,交接,5480.793290734359,5500.793290734359,R-003,1.5364894939862843,worst_obstruction
Q3-018,交接,5500.793290734359,5520.793290734359,R-003,1.5364894939862843,worst_obstruction
Q3-018,交接,5520.793290734359,5540.793290734359,R-003,1.5364894939862843,worst_obstruction
Q3-018,交接,5540.793290734359,5560.793290734359,R-003,1.5364894939862843,worst_obstruction
Q3-018,交接,5560.793290734359,5580.793290734359,R-003,1.5364894939862843,worst_obstruction
Q3-018,爬升,5580.793290734359,5595.626734609143,R-003,1.5364894939862843,worst_obstruction
Q3-018,爬升,5595.626734609143,5610.460178483925,R-003,1.5671547013074374,worst_obstruction
Q3-018,爬升,5610.460178483925,5625.2936223587085,R-003,1.5917218414284697,worst_obstruction
Q3-018,巡航,5625.2936223587085,5645.1605359787545,R-003,1.2999140534634623,worst_obstruction
Q3-018,巡航,5645.1605359787545,5665.027449598801,R-003,1.6947139394617565,worst_obstruction
Q3-018,巡航,5665.027449598801,5684.894363218847,R-003,1.928766498767958,worst_obstruction
Q3-018,巡航,5684.894363218847,5704.761276838893,R-003,1.9737578367238662,worst_obstruction
Q3-018,巡航,5704.761276838893,5724.628190458939,R-003,1.8238438999009379,worst_obstruction
Q3-018,巡航,5724.628190458939,5744.495104078985,R-003,1.4979751446310559,worst_obstruction
Q3-018,巡航,5744.495104078985,5764.362017699031,R-003,1.0326346297424642,worst_obstruction
Q3-018,巡航,5764.362017699031,5784.228931319078,R-003,0.47016930867898665,worst_obstruction
Q3-018,巡航,5784.228931319078,5804.095844939124,R-003,9.302164597247184,swept_triangle_clear
Q3-018,巡航,5804.095844939124,5823.96275855917,R-003,9.17328317025785,swept_triangle_clear
Q3-018,巡航,5823.96275855917,5843.829672179216,R-003,8.475233962523694,swept_triangle_clear
Q3-018,巡航,5843.829672179216,5863.696585799262,R-003,7.797724453930831,swept_triangle_clear
Q3-018,巡航,5863.696585799262,5883.563499419308,R-003,7.146212062772625,swept_triangle_clear
Q3-018,巡航,5883.563499419308,5903.430413039354,R-003,6.52305797833605,swept_triangle_clear
Q3-018,巡航,5903.430413039354,5923.2973266594,R-003,5.9287494275518,swept_triangle_clear
Q3-018,巡航,5923.2973266594,5929.0262598995705,direct,0.29576304577692447,worst_obstruction
Q3-018,巡航,5929.0262598995705,5943.164240279446,direct,0.45294169464547096,worst_obstruction
Q3-018,巡航,5943.164240279446,5963.031153899492,direct,0.8534095352617879,worst_obstruction
Q3-018,巡航,5963.031153899492,5982.898067519538,direct,1.4491260930024445,worst_obstruction
Q3-018,巡航,5982.898067519538,6002.764981139584,direct,2.088431837634726,worst_obstruction
Q3-018,巡航,6002.764981139584,6022.63189475963,direct,2.7781565655581204,worst_obstruction
Q3-018,巡航,6022.63189475963,6042.498808379676,direct,3.526855362565019,worst_obstruction
Q3-018,巡航,6042.498808379676,6062.365721999722,direct,4.345435502576734,worst_obstruction
Q3-018,巡航,6062.365721999722,6082.232635619768,direct,5.248091450397631,worst_obstruction
Q3-018,巡航,6082.232635619768,6102.099549239815,direct,6.2537447746596655,worst_obstruction
Q3-018,巡航,6102.099549239815,6121.966462859861,direct,7.388343852560752,worst_obstruction
Q3-018,巡航,6121.966462859861,6141.833376479907,direct,8.688689266297544,worst_obstruction
Q3-018,巡航,6141.833376479907,6161.700290099953,direct,10.209075337101613,worst_obstruction
Q3-018,巡航,6161.700290099953,6181.567203719999,direct,12.033232346430083,worst_obstruction
Q3-018,巡航,6181.567203719999,6201.434117340045,direct,14.295413848674752,worst_obstruction
Q3-018,巡航,6201.434117340045,6221.301030960091,direct,17.204685256357905,worst_obstruction
Q3-018,巡航,6221.301030960091,6241.167944580137,direct,20.894427303370122,worst_obstruction
Q3-018,下降,6241.167944580137,6260.2080109050075,direct,23.46118121667771,worst_obstruction
Q3-018,下降,6260.2080109050075,6279.248077229877,direct,25.17661226102652,worst_obstruction
Q3-018,下降,6279.248077229877,6298.288143554747,direct,27.316349549092124,worst_obstruction
Q3-018,下降,6298.288143554747,6317.328209879617,direct,30.161772645055834,worst_obstruction
Q3-018,下降,6317.328209879617,6336.368276204486,direct,34.421380050130004,worst_obstruction
Q3-018,下降,6336.368276204486,6355.408342529357,direct,43.1275413425096,worst_obstruction
Q3-019,爬升,3027.231926013292,3045.3195984376084,direct,41.24926306189218,worst_obstruction
Q3-019,爬升,3045.3195984376084,3063.407270861925,direct,33.00435495025731,worst_obstruction
Q3-019,爬升,3063.407270861925,3081.4949432862413,direct,28.85187697171807,worst_obstruction
Q3-019,爬升,3081.4949432862413,3099.5826157105575,direct,26.054155177428733,worst_obstruction
Q3-019,爬升,3099.5826157105575,3117.670288134874,direct,23.941403967071764,worst_obstruction
Q3-019,爬升,3117.670288134874,3135.7579605591905,direct,22.243330537460395,worst_obstruction
Q3-019,爬升,3135.7579605591905,3153.845632983507,direct,20.82355934721433,worst_obstruction
Q3-019,爬升,3153.845632983507,3171.9333054078234,direct,19.603583756332732,worst_obstruction
Q3-019,巡航,3171.9333054078234,3191.457981233927,direct,18.397266174237004,worst_obstruction
Q3-019,巡航,3191.457981233927,3210.982657060031,direct,16.022910274118587,worst_obstruction
Q3-019,巡航,3210.982657060031,3230.507332886135,direct,13.713533239979778,worst_obstruction
Q3-019,巡航,3230.507332886135,3250.0320087122386,direct,11.734136941196809,worst_obstruction
Q3-019,巡航,3250.0320087122386,3269.556684538343,direct,10.059127509015415,worst_obstruction
Q3-019,巡航,3269.556684538343,3289.0813603644465,direct,8.625460929180154,worst_obstruction
Q3-019,巡航,3289.0813603644465,3308.60603619055,direct,7.379522222669287,worst_obstruction
Q3-019,巡航,3308.60603619055,3328.1307120166543,direct,6.281133791686347,worst_obstruction
Q3-019,巡航,3328.1307120166543,3347.655387842758,direct,5.300729267191777,worst_obstruction
Q3-019,巡航,3347.655387842758,3367.1800636688617,direct,4.416349691734332,worst_obstruction
Q3-019,巡航,3367.1800636688617,3386.704739494966,direct,3.6114099681580925,worst_obstruction
Q3-019,巡航,3386.704739494966,3406.2294153210696,direct,2.8731538697404613,worst_obstruction
Q3-019,巡航,3406.2294153210696,3425.7540911471733,direct,2.191597111334742,worst_obstruction
Q3-019,巡航,3425.7540911471733,3445.278766973277,direct,1.5587982100295434,worst_obstruction
Q3-019,巡航,3445.278766973277,3464.803442799381,direct,0.9683478074083745,worst_obstruction
Q3-019,巡航,3464.803442799381,3484.328118625485,direct,0.415004817801357,worst_obstruction
Q3-019,巡航,3484.328118625485,3503.852794451589,R-001,8.076953699535679,swept_triangle_clear
Q3-019,巡航,3503.852794451589,3523.3774702776927,R-001,8.156527791661883,swept_triangle_clear
Q3-019,巡航,3523.3774702776927,3542.9021461037964,R-001,8.157523824159613,swept_triangle_clear
Q3-019,巡航,3542.9021461037964,3562.4268219299,R-001,8.079889546615464,swept_triangle_clear
Q3-019,巡航,3562.4268219299,3581.9514977560043,R-001,7.927720664530339,swept_triangle_clear
Q3-019,巡航,3581.9514977560043,3601.476173582108,R-001,7.708572743936346,swept_triangle_clear
Q3-019,巡航,3601.476173582108,3621.0008494082117,R-001,7.432304780872077,swept_triangle_clear
Q3-019,巡航,3621.0008494082117,3640.525525234316,R-001,7.109793644075195,swept_triangle_clear
Q3-019,巡航,3640.525525234316,3660.0502010604196,R-001,6.751815275245821,swept_triangle_clear
Q3-019,巡航,3660.0502010604196,3679.5748768865233,R-001,6.368254011765892,swept_triangle_clear
Q3-019,巡航,3679.5748768865233,3699.0995527126274,R-001,5.967664005295697,swept_triangle_clear
Q3-019,巡航,3699.0995527126274,3718.624228538731,R-001,5.557119480515922,swept_triangle_clear
Q3-019,巡航,3718.624228538731,3738.1489043648353,R-001,5.14225996182336,swept_triangle_clear
Q3-019,巡航,3738.1489043648353,3757.673580190939,R-001,4.72744360816457,swept_triangle_clear
Q3-019,巡航,3757.673580190939,3777.1982560170427,R-001,4.31594450374347,swept_triangle_clear
Q3-019,下降,3777.1982560170427,3795.0625870717304,R-001,4.355270070083188,swept_triangle_clear
Q3-019,下降,3795.0625870717304,3812.9269181264176,R-001,4.348302513814428,swept_triangle_clear
Q3-019,下降,3812.9269181264176,3830.7912491811053,R-001,4.340148922468126,swept_triangle_clear
Q3-019,下降,3830.7912491811053,3848.6555802357925,R-001,4.330815985120795,swept_triangle_clear
Q3-019,下降,3848.6555802357925,3866.51991129048,R-001,4.32031132244661,swept_triangle_clear
Q3-019,交接,3866.51991129048,3886.51991129048,R-001,4.32031132244661,swept_triangle_clear
Q3-019,交接,3886.51991129048,3906.51991129048,R-001,4.32031132244661,swept_triangle_clear
Q3-019,交接,3906.51991129048,3926.51991129048,R-001,4.32031132244661,swept_triangle_clear
Q3-019,交接,3926.51991129048,3946.51991129048,R-001,4.32031132244661,swept_triangle_clear
Q3-019,交接,3946.51991129048,3966.51991129048,R-001,4.32031132244661,swept_triangle_clear
Q3-019,交接,3966.51991129048,3986.51991129048,R-001,4.32031132244661,swept_triangle_clear
Q3-019,交接,3986.51991129048,4006.51991129048,R-001,4.32031132244661,swept_triangle_clear
Q3-019,交接,4006.51991129048,4026.51991129048,R-001,4.32031132244661,swept_triangle_clear
Q3-019,交接,4026.51991129048,4046.51991129048,R-001,4.32031132244661,swept_triangle_clear
Q3-019,爬升,4046.51991129048,4065.128589472446,R-001,4.32031132244661,swept_triangle_clear
Q3-019,爬升,4065.128589472446,4083.7372676544123,R-001,4.333259382125963,swept_triangle_clear
Q3-019,爬升,4083.7372676544123,4102.345945836379,R-001,4.344373576517251,swept_triangle_clear
Q3-019,爬升,4102.345945836379,4120.9546240183445,R-001,4.353639702062058,swept_triangle_clear
Q3-019,巡航,4120.9546240183445,4140.479299844448,R-001,4.31594450374347,swept_triangle_clear
Q3-019,巡航,4140.479299844448,4160.003975670552,R-001,4.72744360816457,swept_triangle_clear
Q3-019,巡航,4160.003975670552,4179.528651496656,R-001,5.14225996182336,swept_triangle_clear
Q3-019,巡航,4179.528651496656,4199.05332732276,R-001,5.557119480515922,swept_triangle_clear
Q3-019,巡航,4199.05332732276,4218.578003148864,R-001,5.967664005295697,swept_triangle_clear
Q3-019,巡航,4218.578003148864,4238.102678974968,R-001,6.368254011765892,swept_triangle_clear
Q3-019,巡航,4238.102678974968,4257.627354801071,R-001,6.751815275245821,swept_triangle_clear
Q3-019,巡航,4257.627354801071,4277.152030627175,R-001,7.109793644075195,swept_triangle_clear
Q3-019,巡航,4277.152030627175,4296.676706453279,R-001,7.432304780872077,swept_triangle_clear
Q3-019,巡航,4296.676706453279,4316.201382279383,R-001,7.708572743936346,swept_triangle_clear
Q3-019,巡航,4316.201382279383,4335.726058105487,R-001,7.927720664530339,swept_triangle_clear
Q3-019,巡航,4335.726058105487,4355.250733931591,R-001,8.079889546615464,swept_triangle_clear
Q3-019,巡航,4355.250733931591,4374.775409757694,R-001,8.157523824159613,swept_triangle_clear
Q3-019,巡航,4374.775409757694,4394.300085583798,R-001,8.156527791661883,swept_triangle_clear
Q3-019,巡航,4394.300085583798,4413.824761409902,R-001,8.076953699535679,swept_triangle_clear
Q3-019,巡航,4413.824761409902,4433.349437236006,direct,0.415004817801357,worst_obstruction
Q3-019,巡航,4433.349437236006,4452.87411306211,direct,0.9683478074083745,worst_obstruction
Q3-019,巡航,4452.87411306211,4472.398788888214,direct,1.5587982100295434,worst_obstruction
Q3-019,巡航,4472.398788888214,4491.923464714318,direct,2.191597111334742,worst_obstruction
Q3-019,巡航,4491.923464714318,4511.448140540421,direct,2.8731538697404613,worst_obstruction
Q3-019,巡航,4511.448140540421,4515.138246543308,direct,3.611429818792411,worst_obstruction
Q3-019,巡航,4515.138246543308,4530.972816366525,direct,3.7580912042751446,worst_obstruction
Q3-019,巡航,4530.972816366525,4550.49749219263,direct,4.416349691734332,worst_obstruction
Q3-019,巡航,4550.49749219263,4570.022168018733,direct,5.300729267191777,worst_obstruction
Q3-019,巡航,4570.022168018733,4589.546843844837,direct,6.281133791686347,worst_obstruction
Q3-019,巡航,4589.546843844837,4609.071519670941,direct,7.379522222669287,worst_obstruction
Q3-019,巡航,4609.071519670941,4628.596195497044,direct,8.625460929180154,worst_obstruction
Q3-019,巡航,4628.596195497044,4648.120871323148,direct,10.059127509015415,worst_obstruction
Q3-019,巡航,4648.120871323148,4667.645547149252,direct,11.734136941196809,worst_obstruction
Q3-019,巡航,4667.645547149252,4687.170222975356,direct,13.713533239979778,worst_obstruction
Q3-019,巡航,4687.170222975356,4706.69489880146,direct,16.022910274118587,worst_obstruction
Q3-019,巡航,4706.69489880146,4726.219574627564,direct,18.397266174237004,worst_obstruction
Q3-019,下降,4726.219574627564,4745.513091880168,direct,19.603583756332732,worst_obstruction
Q3-019,下降,4745.513091880168,4764.806609132772,direct,20.679230966315494,worst_obstruction
Q3-019,下降,4764.806609132772,4784.100126385376,direct,21.90716570729088,worst_obstruction
Q3-019,下降,4784.100126385376,4803.39364363798,direct,23.337734390683913,worst_obstruction
Q3-019,下降,4803.39364363798,4822.687160890585,direct,25.051291428236446,worst_obstruction
Q3-019,下降,4822.687160890585,4841.980678143189,direct,27.188108535629247,worst_obstruction
Q3-019,下降,4841.980678143189,4861.274195395793,direct,30.02835001598538,worst_obstruction
Q3-019,下降,4861.274195395793,4880.567712648397,direct,34.276227532041716,worst_obstruction
Q3-019,下降,4880.567712648397,4899.861229901001,direct,42.930390599342765,worst_obstruction
Q3-020,爬升,3342.0791289296226,3360.3778515509953,direct,41.09022041847287,worst_obstruction
Q3-020,爬升,3360.3778515509953,3378.676574172368,direct,32.88098978943424,worst_obstruction
Q3-020,爬升,3378.676574172368,3396.9752967937407,direct,28.737094664292826,worst_obstruction
Q3-020,爬升,3396.9752967937407,3415.274019415114,direct,25.943231496630872,worst_obstruction
Q3-020,爬升,3415.274019415114,3433.5727420364865,direct,23.832673396210183,worst_obstruction
Q3-020,爬升,3433.5727420364865,3451.871464657859,direct,22.136014487477006,worst_obstruction
Q3-020,爬升,3451.871464657859,3470.170187279232,direct,20.717231343301737,worst_obstruction
Q3-020,巡航,3470.170187279232,3489.0637731323873,direct,18.66153562487051,worst_obstruction
Q3-020,巡航,3489.0637731323873,3507.957358985542,direct,15.375217596256086,worst_obstruction
Q3-020,巡航,3507.957358985542,3526.8509448386976,direct,12.622935557946338,worst_obstruction
Q3-020,巡航,3526.8509448386976,3545.744530691853,direct,10.429329645684053,worst_obstruction
Q3-020,巡航,3545.744530691853,3564.638116545008,direct,8.639997423677997,worst_obstruction
Q3-020,巡航,3564.638116545008,3583.5317023981634,direct,7.139443656705854,worst_obstruction
Q3-020,巡航,3583.5317023981634,3602.4252882513188,direct,5.851387820187943,worst_obstruction
Q3-020,巡航,3602.4252882513188,3621.318874104474,direct,4.724904328612459,worst_obstruction
Q3-020,巡航,3621.318874104474,3640.212459957629,direct,3.7248806685053175,worst_obstruction
Q3-020,巡航,3640.212459957629,3659.1060458107845,direct,2.8262856162516794,worst_obstruction
Q3-020,巡航,3659.1060458107845,3677.99963166394,direct,2.010729197825018,worst_obstruction
Q3-020,巡航,3677.99963166394,3696.893217517095,direct,1.264341719893288,worst_obstruction
Q3-020,巡航,3696.893217517095,3715.7868033702503,direct,0.5764231583134993,worst_obstruction
Q3-020,巡航,3715.7868033702503,3734.6803892234057,R-001,8.371394962515994,swept_triangle_clear
Q3-020,巡航,3734.6803892234057,3753.5739750765606,R-001,8.509697182628166,swept_triangle_clear
Q3-020,巡航,3753.5739750765606,3772.467560929716,R-001,8.524383647150087,swept_triangle_clear
Q3-020,下降,3772.467560929716,3788.8148784345985,R-001,8.956131372601426,swept_triangle_clear
Q3-020,下降,3788.8148784345985,3805.1621959394815,R-001,8.934644029814097,swept_triangle_clear
Q3-020,下降,3805.1621959394815,3821.5095134443645,R-001,8.910390422614196,swept_triangle_clear
Q3-020,下降,3821.5095134443645,3837.856830949247,R-001,8.883417245613689,swept_triangle_clear
Q3-020,交接,3837.856830949247,3857.856830949247,R-001,8.883417245613689,swept_triangle_clear
Q3-020,交接,3857.856830949247,3877.856830949247,R-001,8.883417245613689,swept_triangle_clear
Q3-020,交接,3877.856830949247,3897.856830949247,R-001,8.883417245613689,swept_triangle_clear
Q3-020,交接,3897.856830949247,3917.856830949247,R-001,8.883417245613689,swept_triangle_clear
Q3-020,交接,3917.856830949247,3937.856830949247,R-001,8.883417245613689,swept_triangle_clear
Q3-020,交接,3937.856830949247,3957.856830949247,R-001,8.883417245613689,swept_triangle_clear
Q3-020,交接,3957.856830949247,3977.856830949247,R-001,8.883417245613689,swept_triangle_clear
Q3-020,交接,3977.856830949247,3997.856830949247,R-001,8.883417245613689,swept_triangle_clear
Q3-020,交接,3997.856830949247,4017.856830949247,R-001,8.883417245613689,swept_triangle_clear
Q3-020,爬升,4017.856830949247,4036.0205170657837,R-001,8.883417245613689,swept_triangle_clear
Q3-020,爬升,4036.0205170657837,4054.18420318232,R-001,8.918779534622901,swept_triangle_clear
Q3-020,爬升,4054.18420318232,4072.3478892988564,R-001,8.94927897506825,swept_triangle_clear
Q3-020,巡航,4072.3478892988564,4091.241475152012,R-001,8.524383647150087,swept_triangle_clear
Q3-020,巡航,4091.241475152012,4110.135061005167,R-001,8.509697182628166,swept_triangle_clear
Q3-020,巡航,4110.135061005167,4129.028646858323,R-001,8.371394962515994,swept_triangle_clear
Q3-020,巡航,4129.028646858323,4147.922232711478,direct,0.5764231583134993,worst_obstruction
Q3-020,巡航,4147.922232711478,4166.8158185646325,direct,1.264341719893288,worst_obstruction
Q3-020,巡航,4166.8158185646325,4185.709404417788,direct,2.010729197825018,worst_obstruction
Q3-020,巡航,4185.709404417788,4204.602990270943,direct,2.8262856162554577,worst_obstruction
Q3-020,巡航,4204.602990270943,4223.496576124098,direct,3.7248806685053175,worst_obstruction
Q3-020,巡航,4223.496576124098,4242.390161977254,direct,4.724904328612459,worst_obstruction
Q3-020,巡航,4242.390161977254,4261.283747830409,direct,5.851387820187943,worst_obstruction
Q3-020,巡航,4261.283747830409,4280.177333683564,direct,7.139443656705854,worst_obstruction
Q3-020,巡航,4280.177333683564,4299.07091953672,direct,8.639997423677997,worst_obstruction
Q3-020,巡航,4299.07091953672,4317.964505389875,direct,10.429329645684053,worst_obstruction
Q3-020,巡航,4317.964505389875,4336.85809124303,direct,12.622935557946338,worst_obstruction
Q3-020,巡航,4336.85809124303,4355.751677096186,direct,15.375217596242504,worst_obstruction
Q3-020,巡航,4355.751677096186,4374.645262949341,direct,18.66153562487051,worst_obstruction
Q3-020,下降,4374.645262949341,4393.858921701782,direct,20.717231343301737,worst_obstruction
Q3-020,下降,4393.858921701782,4413.0725804542235,direct,21.945465831584308,worst_obstruction
Q3-020,下降,4413.0725804542235,4432.286239206665,direct,23.376441612193574,worst_obstruction
Q3-020,下降,4432.286239206665,4451.499897959106,direct,25.090583344521875,worst_obstruction
Q3-020,下降,4451.499897959106,4470.713556711547,direct,27.228311382556527,worst_obstruction
Q3-020,下降,4470.713556711547,4489.927215463989,direct,30.070168714278424,worst_obstruction
Q3-020,下降,4489.927215463989,4509.140874216431,direct,34.32170166595179,worst_obstruction
Q3-020,下降,4509.140874216431,4515.138246543308,direct,42.99202827701134,worst_obstruction
Q3-020,下降,4515.138246543308,4528.354532968872,direct,45.92517525248826,worst_obstruction
Q3-021,爬升,3924.933158003151,3943.3252593757643,direct,41.020771019079355,worst_obstruction
Q3-021,爬升,3943.3252593757643,3961.717360748377,direct,32.82696128604423,worst_obstruction
Q3-021,爬升,3961.717360748377,3980.10946212099,direct,28.686789494765073,worst_obstruction
Q3-021,巡航,3980.10946212099,3999.126612135085,direct,21.836210896644744,worst_obstruction
Q3-021,巡航,3999.126612135085,4018.1437621491805,direct,16.546453285546516,worst_obstruction
Q3-021,巡航,4018.1437621491805,4037.1609121632755,direct,13.174592507238422,worst_obstruction
Q3-021,巡航,4037.1609121632755,4056.1780621773705,direct,10.729560829260063,worst_obstruction
Q3-021,巡航,4056.1780621773705,4075.195212191466,direct,8.81646929272818,worst_obstruction
Q3-021,巡航,4075.195212191466,4094.212362205561,direct,7.246550238265151,worst_obstruction
Q3-021,巡航,4094.212362205561,4113.2295122196565,direct,5.915904365613537,worst_obstruction
Q3-021,巡航,4113.2295122196565,4132.2466622337515,direct,4.761458598961914,worst_obstruction
Q3-021,巡航,4132.2466622337515,4151.2638122478465,direct,3.74211334506108,worst_obstruction
Q3-021,巡航,4151.2638122478465,4170.280962261942,direct,2.8296192036862724,worst_obstruction
Q3-021,巡航,4170.280962261942,4189.298112276037,direct,2.003734572408529,worst_obstruction
Q3-021,巡航,4189.298112276037,4208.3152622901325,direct,1.2494644760645208,worst_obstruction
Q3-021,巡航,4208.3152622901325,4227.332412304228,direct,0.5553936065914051,worst_obstruction
Q3-021,巡航,4227.332412304228,4246.349562318323,R-001,3.1294340975486428,swept_triangle_clear
Q3-021,巡航,4246.349562318323,4265.366712332418,R-001,2.970625526335475,swept_triangle_clear
Q3-021,巡航,4265.366712332418,4284.383862346513,R-001,2.7831722859362102,swept_triangle_clear
Q3-021,巡航,4284.383862346513,4303.401012360608,R-001,2.5551675699861924,swept_triangle_clear
Q3-021,巡航,4303.401012360608,4322.418162374704,R-001,2.2974432969675114,swept_triangle_clear
Q3-021,巡航,4322.418162374704,4341.435312388799,R-001,2.0254148263423932,swept_triangle_clear
Q3-021,巡航,4341.435312388799,4360.452462402894,R-001,1.742499005994281,swept_triangle_clear
Q3-021,下降,4360.452462402894,4373.098244873597,R-001,1.7376004957197217,swept_triangle_clear
Q3-021,下降,4373.098244873597,4385.7440273443,R-001,1.7323073958047264,swept_triangle_clear
Q3-021,交接,4385.7440273443,4405.7440273443,R-001,1.7323073958047264,swept_triangle_clear
Q3-021,交接,4405.7440273443,4425.7440273443,R-001,1.7323073958047264,swept_triangle_clear
Q3-021,交接,4425.7440273443,4445.7440273443,R-001,1.7323073958047264,swept_triangle_clear
Q3-021,交接,4445.7440273443,4465.7440273443,R-001,1.7323073958047264,swept_triangle_clear
Q3-021,交接,4465.7440273443,4485.7440273443,R-001,1.7323073958047264,swept_triangle_clear
Q3-021,交接,4485.7440273443,4505.7440273443,R-001,1.7323073958047264,swept_triangle_clear
Q3-021,交接,4505.7440273443,4515.138246543308,R-001,1.7323073958047264,swept_triangle_clear
Q3-021,交接,4515.138246543308,4525.7440273443,R-003,2.370694591888089,worst_obstruction
Q3-021,交接,4525.7440273443,4545.7440273443,R-003,2.370694591888089,worst_obstruction
Q3-021,交接,4545.7440273443,4565.7440273443,R-003,2.370694591888089,worst_obstruction
Q3-021,交接,4565.7440273443,4585.7440273443,R-003,2.370694591888089,worst_obstruction
Q3-021,交接,4585.7440273443,4605.7440273443,R-003,2.370694591888089,worst_obstruction
Q3-021,交接,4605.7440273443,4625.7440273443,R-003,2.370694591888089,worst_obstruction
Q3-021,爬升,4625.7440273443,4636.282179403219,R-003,2.370694591888089,worst_obstruction
Q3-021,爬升,4636.282179403219,4646.820331462139,R-003,2.4039078462475167,worst_obstruction
Q3-021,巡航,4646.820331462139,4665.837481476234,R-001,1.742499005994281,swept_triangle_clear
Q3-021,巡航,4665.837481476234,4684.854631490329,R-001,2.0254148263423932,swept_triangle_clear
Q3-021,巡航,4684.854631490329,4703.871781504425,R-003,9.252178295874103,swept_triangle_clear
Q3-021,巡航,4703.871781504425,4722.88893151852,R-003,8.308182414397141,swept_triangle_clear
Q3-021,巡航,4722.88893151852,4741.906081532615,R-003,7.432493089027984,swept_triangle_clear
Q3-021,巡航,4741.906081532615,4760.92323154671,R-003,6.620727872646475,swept_triangle_clear
Q3-021,巡航,4760.92323154671,4779.940381560805,R-003,5.867089459496029,swept_triangle_clear
Q3-021,巡航,4779.940381560805,4798.957531574901,direct,0.5553936065914051,worst_obstruction
Q3-021,巡航,4798.957531574901,4817.974681588996,direct,1.2494644760645208,worst_obstruction
Q3-021,巡航,4817.974681588996,4836.991831603091,direct,2.003734572408529,worst_obstruction
Q3-021,巡航,4836.991831603091,4856.008981617186,direct,2.8296192036862724,worst_obstruction
Q3-021,巡航,4856.008981617186,4875.026131631281,direct,3.74211334506108,worst_obstruction
Q3-021,巡航,4875.026131631281,4894.043281645377,direct,4.761458598961914,worst_obstruction
Q3-021,巡航,4894.043281645377,4913.060431659472,direct,5.915904365613537,worst_obstruction
Q3-021,巡航,4913.060431659472,4932.077581673567,direct,7.246550238265151,worst_obstruction
Q3-021,巡航,4932.077581673567,4951.094731687662,direct,8.81646929272818,worst_obstruction
Q3-021,巡航,4951.094731687662,4970.111881701757,direct,10.729560829260063,worst_obstruction
Q3-021,巡航,4970.111881701757,4989.129031715853,direct,13.174592507238422,worst_obstruction
Q3-021,巡航,4989.129031715853,5008.146181729948,direct,16.546453285546516,worst_obstruction
Q3-021,巡航,5008.146181729948,5027.163331744043,direct,21.836210896644744,worst_obstruction
Q3-021,下降,5027.163331744043,5043.716222979394,direct,28.686789494765073,worst_obstruction
Q3-021,下降,5043.716222979394,5060.269114214746,direct,31.592866209766463,worst_obstruction
Q3-021,下降,5060.269114214746,5076.822005450098,direct,35.99149976120052,worst_obstruction
Q3-021,下降,5076.822005450098,5093.374896685449,direct,45.344716006993565,worst_obstruction
Q3-022,爬升,4086.9437742879054,4103.291063106265,direct,42.685284684784314,worst_obstruction
Q3-022,爬升,4103.291063106265,4119.638351924625,direct,34.094563820666224,worst_obstruction
Q3-022,爬升,4119.638351924625,4135.985640742983,direct,29.86111489526988,worst_obstruction
Q3-022,爬升,4135.985640742983,4152.332929561343,direct,27.027261025146785,worst_obstruction
Q3-022,爬升,4152.332929561343,4168.680218379703,direct,24.894047506859245,worst_obstruction
Q3-022,巡航,4168.680218379703,4188.481770212603,direct,21.64451820948672,worst_obstruction
Q3-022,巡航,4188.481770212603,4208.283322045503,direct,17.527662714314484,worst_obstruction
Q3-022,巡航,4208.283322045503,4228.084873878403,direct,14.472496167571805,worst_obstruction
Q3-022,巡航,4228.084873878403,4247.886425711304,direct,12.149667861894944,worst_obstruction
Q3-022,巡航,4247.886425711304,4267.687977544204,direct,10.29538461726554,worst_obstruction
Q3-022,巡航,4267.687977544204,4287.489529377104,direct,8.75803423869398,worst_obstruction
Q3-022,巡航,4287.489529377104,4307.291081210004,direct,7.447241651707827,worst_obstruction
Q3-022,巡航,4307.291081210004,4327.092633042905,direct,6.305767664224664,worst_obstruction
Q3-022,巡航,4327.092633042905,4346.894184875806,direct,5.295353949598439,worst_obstruction
Q3-022,巡航,4346.894184875806,4366.695736708706,direct,4.389266419840027,worst_obstruction
Q3-022,巡航,4366.695736708706,4386.497288541606,direct,3.5681306036921896,worst_obstruction
Q3-022,巡航,4386.497288541606,4406.298840374507,direct,2.817476437985807,worst_obstruction
Q3-022,巡航,4406.298840374507,4426.100392207407,direct,2.1262212977229176,worst_obstruction
Q3-022,巡航,4426.100392207407,4445.901944040307,direct,1.485694289693889,worst_obstruction
Q3-022,巡航,4445.901944040307,4465.703495873207,direct,0.8889866756900808,worst_obstruction
Q3-022,巡航,4465.703495873207,4485.505047706108,direct,0.3305063639729475,worst_obstruction
Q3-022,巡航,4485.505047706108,4505.306599539008,direct,9.805664361184354,swept_triangle_clear
Q3-022,巡航,4505.306599539008,4515.138246543308,direct,9.556370702409676,swept_triangle_clear
Q3-022,巡航,4515.138246543308,4525.108151371908,direct,9.31065079580155,swept_triangle_clear
Q3-022,巡航,4525.108151371908,4544.9097032048085,R-003,1.8708179423405618,swept_triangle_clear
Q3-022,巡航,4544.9097032048085,4564.711255037709,R-003,1.8860204976924102,swept_triangle_clear
Q3-022,巡航,4564.711255037709,4584.512806870609,R-003,1.8819970208261942,swept_triangle_clear
Q3-022,巡航,4584.512806870609,4604.314358703509,R-003,1.8588007911515092,swept_triangle_clear
Q3-022,巡航,4604.314358703509,4624.1159105364095,R-003,1.8167365976319125,swept_triangle_clear
Q3-022,巡航,4624.1159105364095,4643.91746236931,R-001,9.899121108262646,swept_triangle_clear
Q3-022,巡航,4643.91746236931,4663.71901420221,R-001,9.325075216621794,swept_triangle_clear
Q3-022,巡航,4663.71901420221,4683.520566035111,R-001,8.724125885349272,swept_triangle_clear
Q3-022,巡航,4683.520566035111,4703.322117868011,R-001,8.11473869191953,swept_triangle_clear
Q3-022,巡航,4703.322117868011,4723.123669700912,R-001,7.509554235902026,swept_triangle_clear
Q3-022,巡航,4723.123669700912,4742.925221533812,R-001,6.916710944514481,swept_triangle_clear
Q3-022,巡航,4742.925221533812,4762.726773366712,R-001,6.34110710912422,swept_triangle_clear
Q3-022,巡航,4762.726773366712,4782.5283251996125,R-001,5.785415990576597,swept_triangle_clear
Q3-022,巡航,4782.5283251996125,4802.329877032513,R-001,5.250834528432636,swept_triangle_clear
Q3-022,巡航,4802.329877032513,4822.131428865413,R-001,4.737608834244359,swept_triangle_clear
Q3-022,巡航,4822.131428865413,4841.932980698313,R-001,4.245391932622422,swept_triangle_clear
Q3-022,下降,4841.932980698313,4855.534225001698,R-001,4.262589818457368,swept_triangle_clear
Q3-022,下降,4855.534225001698,4869.135469305084,R-001,4.253935434365481,swept_triangle_clear
Q3-022,下降,4869.135469305084,4882.7367136084695,R-001,4.244619417981575,swept_triangle_clear
Q3-022,交接,4882.7367136084695,4901.8276226993785,R-001,4.244619417981575,swept_triangle_clear
Q3-022,交接,4901.8276226993785,4920.9185317902875,R-001,4.244619417981575,swept_triangle_clear
Q3-022,交接,4920.9185317902875,4940.0094408811965,R-001,4.244619417981575,swept_triangle_clear
Q3-022,交接,4940.0094408811965,4959.1003499721055,R-001,4.244619417981575,swept_triangle_clear
Q3-022,交接,4959.1003499721055,4978.1912590630145,R-001,4.244619417981575,swept_triangle_clear
Q3-022,交接,4978.1912590630145,4997.282168153924,R-001,4.244619417981575,swept_triangle_clear
Q3-022,交接,4997.282168153924,5016.373077244833,R-001,4.244619417981575,swept_triangle_clear
Q3-022,交接,5016.373077244833,5035.463986335742,R-001,4.244619417981575,swept_triangle_clear
Q3-022,交接,5035.463986335742,5054.5548954266515,R-001,4.244619417981575,swept_triangle_clear
Q3-022,交接,5054.5548954266515,5073.6458045175605,R-001,4.244619417981575,swept_triangle_clear
Q3-022,交接,5073.6458045175605,5092.7367136084695,R-001,4.244619417981575,swept_triangle_clear
Q3-022,爬升,5092.7367136084695,5109.738268987701,R-001,4.244619417981575,swept_triangle_clear
Q3-022,爬升,5109.738268987701,5126.739824366933,R-001,4.258345587290844,swept_triangle_clear
Q3-022,巡航,5126.739824366933,5146.541376199833,R-001,4.245391932622422,swept_triangle_clear
Q3-022,巡航,5146.541376199833,5166.342928032734,R-001,4.737608834244359,swept_triangle_clear
Q3-022,巡航,5166.342928032734,5186.144479865634,R-001,5.250834528432636,swept_triangle_clear
Q3-022,巡航,5186.144479865634,5205.946031698534,R-001,5.785415990576597,swept_triangle_clear
Q3-022,巡航,5205.946031698534,5225.747583531434,R-001,6.34110710912422,swept_triangle_clear
Q3-022,巡航,5225.747583531434,5245.549135364335,R-001,6.916710944514481,swept_triangle_clear
Q3-022,巡航,5245.549135364335,5265.350687197235,R-001,7.509554235902026,swept_triangle_clear
Q3-022,巡航,5265.350687197235,5285.152239030135,R-001,8.11473869191953,swept_triangle_clear
Q3-022,巡航,5285.152239030135,5304.9537908630355,R-001,8.724125885349272,swept_triangle_clear
Q3-022,巡航,5304.9537908630355,5324.755342695936,R-001,9.325075216621794,swept_triangle_clear
Q3-022,巡航,5324.755342695936,5344.556894528836,R-001,9.899121108262646,swept_triangle_clear
Q3-022,巡航,5344.556894528836,5364.358446361736,R-003,1.8167365976319125,swept_triangle_clear
Q3-022,巡航,5364.358446361736,5384.1599981946365,R-003,1.8588007911515092,swept_triangle_clear
Q3-022,巡航,5384.1599981946365,5403.961550027537,R-003,1.8819970208261942,swept_triangle_clear
Q3-022,巡航,5403.961550027537,5423.763101860437,R-003,1.8860204976924102,swept_triangle_clear
Q3-022,巡航,5423.763101860437,5443.564653693338,R-003,1.8708179423405618,swept_triangle_clear
Q3-022,巡航,5443.564653693338,5463.3662055262375,direct,9.3106490482327,swept_triangle_clear
Q3-022,巡航,5463.3662055262375,5483.167757359139,direct,9.805664361183535,swept_triangle_clear
Q3-022,巡航,5483.167757359139,5502.969309192038,direct,0.3305063639729475,worst_obstruction
Q3-022,巡航,5502.969309192038,5522.770861024939,direct,0.8889866756900808,worst_obstruction
Q3-022,巡航,5522.770861024939,5542.5724128578395,direct,1.485694289693889,worst_obstruction
Q3-022,巡航,5542.5724128578395,5562.37396469074,direct,2.1262212977229176,worst_obstruction
Q3-022,巡航,5562.37396469074,5582.17551652364,direct,2.817476437985807,worst_obstruction
Q3-022,巡航,5582.17551652364,5601.97706835654,direct,3.5681306036921896,worst_obstruction
Q3-022,巡航,5601.97706835654,5621.7786201894405,direct,4.389266419840027,worst_obstruction
Q3-022,巡航,5621.7786201894405,5641.580172022341,direct,5.295353949598439,worst_obstruction
Q3-022,巡航,5641.580172022341,5661.381723855241,direct,6.305767664224664,worst_obstruction
Q3-022,巡航,5661.381723855241,5681.183275688141,direct,7.447241651707827,worst_obstruction
Q3-022,巡航,5681.183275688141,5700.984827521042,direct,8.75803423869398,worst_obstruction
Q3-022,巡航,5700.984827521042,5720.786379353942,direct,10.29538461726554,worst_obstruction
Q3-022,巡航,5720.786379353942,5740.587931186842,direct,12.149667861894944,worst_obstruction
Q3-022,巡航,5740.587931186842,5760.389483019742,direct,14.472496167571805,worst_obstruction
Q3-022,巡航,5760.389483019742,5780.191034852643,direct,17.527662714314484,worst_obstruction
Q3-022,巡航,5780.191034852643,5799.992586685543,direct,21.64451820948672,worst_obstruction
Q3-022,下降,5799.992586685543,5819.609333267574,direct,24.894047506859245,worst_obstruction
Q3-022,下降,5819.609333267574,5839.226079849605,direct,27.027261025146714,worst_obstruction
Q3-022,下降,5839.226079849605,5858.842826431636,direct,29.861114895269836,worst_obstruction
Q3-022,下降,5858.842826431636,5878.459573013668,direct,34.094563820666295,worst_obstruction
Q3-022,下降,5878.459573013668,5898.076319595699,direct,42.68528468478475,worst_obstruction
Q3-023,爬升,4560.482278594875,4575.586799774075,direct,43.87870941331308,worst_obstruction
Q3-023,爬升,4575.586799774075,4590.691320953274,direct,34.96634435258532,worst_obstruction
Q3-023,爬升,4590.691320953274,4605.795842132473,direct,30.661057506513018,worst_obstruction
Q3-023,爬升,4605.795842132473,4620.900363311673,direct,27.795551548655098,worst_obstruction
Q3-023,巡航,4620.900363311673,4640.823241090266,direct,22.746472477580042,worst_obstruction
Q3-023,巡航,4640.823241090266,4660.7461188688585,direct,17.886460383109785,worst_obstruction
Q3-023,巡航,4660.7461188688585,4680.6689966474505,direct,14.618286375336005,worst_obstruction
Q3-023,巡航,4680.6689966474505,4700.591874426043,direct,12.211914619462725,worst_obstruction
Q3-023,巡航,4700.591874426043,4720.514752204636,direct,10.317162997071861,worst_obstruction
Q3-023,巡航,4720.514752204636,4740.437629983229,direct,8.75732708111579,worst_obstruction
Q3-023,巡航,4740.437629983229,4760.360507761822,direct,7.43280185597974,worst_obstruction
Q3-023,巡航,4760.360507761822,4780.283385540414,direct,6.282344523778377,worst_obstruction
Q3-023,巡航,4780.283385540414,4800.206263319007,direct,5.265740442668669,worst_obstruction
Q3-023,巡航,4800.206263319007,4820.1291410976,direct,4.3552099494916,worst_obstruction
Q3-023,巡航,4820.1291410976,4840.052018876193,direct,3.5307793716918923,worst_obstruction
Q3-023,巡航,4840.052018876193,4859.974896654786,direct,2.7776155436074657,worst_obstruction
Q3-023,巡航,4859.974896654786,4879.897774433379,direct,2.084405531322764,worst_obstruction
Q3-023,巡航,4879.897774433379,4899.820652211971,direct,1.4423266994575776,worst_obstruction
Q3-023,巡航,4899.820652211971,4919.743529990564,direct,0.8443670646589432,worst_obstruction
Q3-023,巡航,4919.743529990564,4939.666407769157,direct,0.2848623245909483,worst_obstruction
Q3-023,巡航,4939.666407769157,4959.58928554775,R-003,6.009247318333404,swept_triangle_clear
Q3-023,巡航,4959.58928554775,4979.5121633263425,R-003,6.619581399383151,swept_triangle_clear
Q3-023,巡航,4979.5121633263425,4999.4350411049345,R-003,7.262181555106354,swept_triangle_clear
Q3-023,巡航,4999.4350411049345,5019.357918883527,R-003,7.937400184806588,swept_triangle_clear
Q3-023,巡航,5019.357918883527,5039.28079666212,R-003,8.643868909257295,swept_triangle_clear
Q3-023,巡航,5039.28079666212,5059.203674440713,R-003,9.302164597247184,swept_triangle_clear
Q3-023,巡航,5059.203674440713,5079.126552219306,R-001,2.258370658529012,swept_triangle_clear
Q3-023,巡航,5079.126552219306,5099.049429997898,R-001,2.0156773757667406,swept_triangle_clear
Q3-023,巡航,5099.049429997898,5118.972307776491,R-001,1.7668282260971857,swept_triangle_clear
Q3-023,巡航,5118.972307776491,5138.895185555084,R-003,2.239582394105634,worst_obstruction
Q3-023,巡航,5138.895185555084,5158.818063333677,R-003,2.557330109419251,worst_obstruction
Q3-023,巡航,5158.818063333677,5178.74094111227,R-003,2.6606750990539147,worst_obstruction
Q3-023,巡航,5178.74094111227,5198.663818890862,R-003,2.534108553853791,worst_obstruction
Q3-023,巡航,5198.663818890862,5218.586696669455,R-003,2.196517011001621,worst_obstruction
Q3-023,巡航,5218.586696669455,5238.509574448048,R-003,1.6927073443503247,worst_obstruction
Q3-023,下降,5238.509574448048,5256.400425278126,R-003,1.9685759874767346,worst_obstruction
Q3-023,下降,5256.400425278126,5274.291276108204,R-003,1.925506849620918,worst_obstruction
Q3-023,交接,5274.291276108204,5294.291276108204,R-003,1.925506849620918,worst_obstruction
Q3-023,交接,5294.291276108204,5314.291276108204,R-003,1.925506849620918,worst_obstruction
Q3-023,交接,5314.291276108204,5334.291276108204,R-003,1.925506849620918,worst_obstruction
Q3-023,交接,5334.291276108204,5354.291276108204,R-003,1.925506849620918,worst_obstruction
Q3-023,交接,5354.291276108204,5374.291276108204,R-003,1.925506849620918,worst_obstruction
Q3-023,交接,5374.291276108204,5394.291276108204,R-003,1.925506849620918,worst_obstruction
Q3-023,交接,5394.291276108204,5414.291276108204,R-003,1.925506849620918,worst_obstruction
Q3-023,交接,5414.291276108204,5434.291276108204,R-003,1.925506849620918,worst_obstruction
Q3-023,交接,5434.291276108204,5454.291276108204,R-003,1.925506849620918,worst_obstruction
Q3-023,爬升,5454.291276108204,5469.200318466603,R-003,1.925506849620918,worst_obstruction
Q3-023,爬升,5469.200318466603,5484.109360825001,R-003,1.9685759874767346,worst_obstruction
Q3-023,巡航,5484.109360825001,5504.032238603594,R-003,1.6927073443503247,worst_obstruction
Q3-023,巡航,5504.032238603594,5523.955116382187,R-003,2.196517011001621,worst_obstruction
Q3-023,巡航,5523.955116382187,5543.877994160779,R-003,2.534108553853791,worst_obstruction
Q3-023,巡航,5543.877994160779,5563.800871939372,R-003,2.6606750990539147,worst_obstruction
Q3-023,巡航,5563.800871939372,5583.723749717965,R-003,2.557330109419251,worst_obstruction
Q3-023,巡航,5583.723749717965,5603.646627496558,R-003,2.239582394105634,worst_obstruction
Q3-023,巡航,5603.646627496558,5623.56950527515,R-001,1.7668282260971857,swept_triangle_clear
Q3-023,巡航,5623.56950527515,5643.492383053743,R-001,2.0156773757667406,swept_triangle_clear
Q3-023,巡航,5643.492383053743,5663.415260832336,R-001,2.258370658529012,swept_triangle_clear
Q3-023,巡航,5663.415260832336,5683.338138610929,R-003,9.302164597247184,swept_triangle_clear
Q3-023,巡航,5683.338138610929,5703.2610163895215,R-003,8.643868909257295,swept_triangle_clear
Q3-023,巡航,5703.2610163895215,5723.1838941681135,R-003,7.937400184806588,swept_triangle_clear
Q3-023,巡航,5723.1838941681135,5743.106771946706,R-003,7.262181555106354,swept_triangle_clear
Q3-023,巡航,5743.106771946706,5763.029649725299,R-003,6.619581399383151,swept_triangle_clear
Q3-023,巡航,5763.029649725299,5782.952527503892,R-003,6.009247318333404,swept_triangle_clear
Q3-023,巡航,5782.952527503892,5802.875405282484,direct,0.2848623245909483,worst_obstruction
Q3-023,巡航,5802.875405282484,5822.798283061077,direct,0.8443670646589432,worst_obstruction
Q3-023,巡航,5822.798283061077,5842.72116083967,direct,1.4423266994575776,worst_obstruction
Q3-023,巡航,5842.72116083967,5862.644038618263,direct,2.084405531322764,worst_obstruction
Q3-023,巡航,5862.644038618263,5882.566916396856,direct,2.7776155436074657,worst_obstruction
Q3-023,巡航,5882.566916396856,5902.489794175448,direct,3.5307793716918923,worst_obstruction
Q3-023,巡航,5902.489794175448,5922.412671954041,direct,4.3552099494916,worst_obstruction
Q3-023,巡航,5922.412671954041,5929.0262598995705,direct,5.265746668597011,worst_obstruction
Q3-023,巡航,5929.0262598995705,5942.335549732634,direct,5.590279318364999,worst_obstruction
Q3-023,巡航,5942.335549732634,5962.258427511227,direct,6.282344523778377,worst_obstruction
Q3-023,巡航,5962.258427511227,5982.181305289819,direct,7.43280185597974,worst_obstruction
Q3-023,巡航,5982.181305289819,6002.104183068412,direct,8.75732708111579,worst_obstruction
Q3-023,巡航,6002.104183068412,6022.027060847005,direct,10.317162997071861,worst_obstruction
Q3-023,巡航,6022.027060847005,6041.9499386255975,direct,12.211914619462725,worst_obstruction
Q3-023,巡航,6041.9499386255975,6061.8728164041895,direct,14.618286375336005,worst_obstruction
Q3-023,巡航,6061.8728164041895,6081.795694182782,direct,17.886460383109785,worst_obstruction
Q3-023,巡航,6081.795694182782,6101.718571961375,direct,22.746472477580042,worst_obstruction
Q3-023,下降,6101.718571961375,6119.843997376414,direct,27.795551548655098,worst_obstruction
Q3-023,下降,6119.843997376414,6137.969422791453,direct,30.66105750651291,worst_obstruction
Q3-023,下降,6137.969422791453,6156.094848206492,direct,34.96634435258532,worst_obstruction
Q3-023,下降,6156.094848206492,6174.220273621531,direct,43.87870941331356,worst_obstruction
Q3-024,爬升,5483.374896685449,5502.003980615571,direct,40.84697113032514,worst_obstruction
Q3-024,爬升,5502.003980615571,5520.633064545692,direct,32.69133428513675,worst_obstruction
Q3-024,爬升,5520.633064545692,5539.262148475814,direct,28.560414627442945,worst_obstruction
Q3-024,巡航,5539.262148475814,5557.9826433889275,direct,21.917265009339427,worst_obstruction
Q3-024,巡航,5557.9826433889275,5576.703138302042,direct,16.666618541033074,worst_obstruction
Q3-024,巡航,5576.703138302042,5595.423633215156,direct,13.303676586229301,worst_obstruction
Q3-024,巡航,5595.423633215156,5614.1441281282705,direct,10.861919641793843,worst_obstruction
Q3-024,巡航,5614.1441281282705,5632.864623041384,direct,8.950371341924068,worst_obstruction
Q3-024,巡航,5632.864623041384,5651.585117954498,direct,7.381297389134193,worst_obstruction
Q3-024,巡航,5651.585117954498,5670.305612867613,direct,6.051162919871839,worst_obstruction
Q3-024,巡航,5670.305612867613,5689.026107780726,direct,4.89704941601776,worst_obstruction
Q3-024,巡航,5689.026107780726,5707.746602693841,direct,3.8779317918809895,worst_obstruction
Q3-024,巡航,5707.746602693841,5726.467097606955,direct,2.9656001199308637,worst_obstruction
Q3-024,下降,5726.467097606955,5743.119448681173,direct,2.9656111385850785,worst_obstruction
Q3-024,下降,5743.119448681173,5759.771799755392,direct,2.9714158620569364,worst_obstruction
Q3-024,交接,5759.771799755392,5779.771799755392,direct,2.9753198405167893,worst_obstruction
Q3-024,交接,5779.771799755392,5799.771799755392,direct,2.9753198405167893,worst_obstruction
Q3-024,交接,5799.771799755392,5819.771799755392,direct,2.9753198405167893,worst_obstruction
Q3-024,交接,5819.771799755392,5839.771799755392,direct,2.9753198405167893,worst_obstruction
Q3-024,交接,5839.771799755392,5859.771799755392,direct,2.9753198405167893,worst_obstruction
Q3-024,交接,5859.771799755392,5879.771799755392,direct,2.9753198405167893,worst_obstruction
Q3-024,交接,5879.771799755392,5899.771799755392,direct,2.9753198405167893,worst_obstruction
Q3-024,交接,5899.771799755392,5919.771799755392,direct,2.9753198405167893,worst_obstruction
Q3-024,交接,5919.771799755392,5929.0262598995705,direct,2.9753198405167893,worst_obstruction
Q3-024,交接,5929.0262598995705,5939.771799755392,direct,2.9753198405167893,worst_obstruction
Q3-024,交接,5939.771799755392,5959.771799755392,direct,2.9753198405167893,worst_obstruction
Q3-024,交接,5959.771799755392,5979.771799755392,direct,2.9753198405167893,worst_obstruction
Q3-024,交接,5979.771799755392,5999.771799755392,direct,2.9753198405167893,worst_obstruction
Q3-024,爬升,5999.771799755392,6013.648758983907,direct,2.9714158620569364,worst_obstruction
Q3-024,爬升,6013.648758983907,6027.525718212423,direct,2.9656111385850785,worst_obstruction
Q3-024,巡航,6027.525718212423,6046.246213125537,direct,2.9656001199308637,worst_obstruction
Q3-024,巡航,6046.246213125537,6064.966708038652,direct,3.8779317918809895,worst_obstruction
Q3-024,巡航,6064.966708038652,6083.687202951765,direct,4.89704941601776,worst_obstruction
Q3-024,巡航,6083.687202951765,6102.40769786488,direct,6.051162919871839,worst_obstruction
Q3-024,巡航,6102.40769786488,6121.128192777994,direct,7.381297389134193,worst_obstruction
Q3-024,巡航,6121.128192777994,6139.848687691107,direct,8.950371341924068,worst_obstruction
Q3-024,巡航,6139.848687691107,6158.569182604222,direct,10.861919641793843,worst_obstruction
Q3-024,巡航,6158.569182604222,6177.289677517336,direct,13.303676586229301,worst_obstruction
Q3-024,巡航,6177.289677517336,6196.01017243045,direct,16.666618541033074,worst_obstruction
Q3-024,巡航,6196.01017243045,6214.730667343564,direct,21.917265009339427,worst_obstruction
Q3-024,下降,6214.730667343564,6231.496842880673,direct,28.560414627442945,worst_obstruction
Q3-024,下降,6231.496842880673,6248.263018417783,direct,31.460470195991412,worst_obstruction
Q3-024,下降,6248.263018417783,6265.029193954892,direct,35.84515884387435,worst_obstruction
Q3-024,下降,6265.029193954892,6281.795369492002,direct,45.130771734791985,worst_obstruction
